CALSPHERE 1             
1 00900U 64063C   26214.60541065  .00000491  00000+0  48922-3 0  9991
2 00900  90.2193  72.8542 0026326 147.2909 242.3775 13.76668304 77811
CALSPHERE 2             
1 00902U 64063E   26214.62523803  .00000060  00000+0  76253-4 0  9996
2 00902  90.2318  76.8990 0020625  92.1788 327.5843 13.52903683862542
LCS 1                   
1 01361U 65034C   26214.62145692  .00000012  00000+0  45122-3 0  9998
2 01361  32.1429  66.7688 0012226 286.4417  73.4736  9.89310686214489
TEMPSAT 1               
1 01512U 65065E   26214.51762535  .00000025  00000+0  31609-4 0  9999
2 01512  89.9985 212.5953 0071491 117.7915   3.2720 13.33596354966220
CALSPHERE 4A            
1 01520U 65065H   26214.58584675  .00000093  00000+0  16077-3 0  9998
2 01520  89.8977 122.0305 0069401 334.4294 142.2841 13.36285872968909
OPS 5712 (P/L 160)      
1 02826U 67053A   26214.61045415  .00005412  00000+0  75385-3 0  9992
2 02826  69.9162 284.4583 0003576 295.7453  64.3326 14.78291957 73099
LES-5                   
1 02866U 67066E   26214.61125215 -.00000102  00000+0  00000+0 0  9997
2 02866   2.7281  95.0018 0051308 214.4542 317.7340  1.09426205131544
SURCAL 159              
1 02872U 67053F   26214.46885060  .00000040  00000+0  64429-4 0  9994
2 02872  69.9727 261.1680 0004868  35.3708 324.7722 13.99612006 16682
OPS 5712 (P/L 153)      
1 02874U 67053H   26214.52603830  .00000016  00000+0  49772-4 0  9993
2 02874  69.9748  15.9801 0005791 154.3569 205.7825 13.96834807 13265
RIGIDSPHERE 2 (LCS 4)   
1 05398U 71067E   26214.53948285  .00000596  00000+0  18691-3 0  9992
2 05398  87.6251 325.9416 0062098  79.7291 281.0902 14.37923940880545
OSCAR 7 (AO-7)          
1 07530U 74089B   26214.52888560 -.00000047  00000+0 -25867-5 0  9995
2 07530 101.9912 228.2591 0012536  44.2146 122.8852 12.53698914366323
STARLETTE               
1 07646U 75010A   26214.57489950 -.00000121  00000+0  15770-4 0  9996
2 07646  49.8248 281.4929 0205772 216.3087 142.3694 13.82351125600955
LAGEOS 1                
1 08820U 76039A   26214.65665596  .00000014  00000+0  00000+0 0  9999
2 08820 109.8072 195.2358 0044658 292.3035 238.2389  6.38664725916100
PHASE 3B (AO-10)        
1 14129U 83058B   26213.52498948 -.00000203  00000+0  00000+0 0  9998
2 14129  25.9512 212.1126 5995816 128.1160 302.7927  2.05872490296420
UOSAT 2 (UO-11)         
1 14781U 84021B   26214.46549720  .00001434  00000+0  15100-3 0  9999
2 14781  97.8094 179.5358 0008573  40.3782 319.8071 14.90896551264026
AJISAI (EGS)            
1 16908U 86061A   26214.64115824 -.00000102  00000+0 -35973-4 0  9996
2 16908  50.0116   4.5507 0011086 298.9328 166.4227 12.44516686486174
TDRS 3                  
1 19548U 88091B   26213.72713892 -.00000291  00000+0  00000+0 0  9997
2 19548  12.5675 340.6911 0037100 354.3352 188.2475  1.00274823125847
COSMOS 1989 (ETALON 1)  
1 19751U 89001C   26214.44022535  .00000007  00000+0  00000+0 0  9996
2 19751  64.9734  70.6144 0023338 217.4428 320.1760  2.13156030292358
COSMOS 2024 (ETALON 2)  
1 20026U 89039C   26214.56574453 -.00000037  00000+0  00000+0 0  9992
2 20026  64.9033 308.9377 0020808 212.3113 227.3111  2.13204613289496
FLTSATCOM 8 (USA 46)    
1 20253U 89077A   26214.26073071 -.00000359  00000+0  00000+0 0  9990
2 20253  12.4087 350.8805 0001972 113.7350  65.9221  1.00274173261025
LUSAT (LO-19)           
1 20442U 90005G   26214.50817643  .00000078  00000+0  44669-4 0  9992
2 20442  98.8844 237.5879 0012622  72.3385 287.9176 14.34135430909036
HST                     
1 20580U 90037B   26214.16388447  .00005559  00000+0  17148-3 0  9997
2 20580  28.4729 126.2201 0001752 305.1760  54.8672 15.31239956795625
SKYNET 4C               
1 20776U 90079A   26213.89582483  .00000003  00000+0  00000+0 0  9999
2 20776  13.3234 349.5181 0003385 146.8664 219.7250  0.98575874   497
TDRS 5                  
1 21639U 91054B   26214.51478255  .00000093  00000+0  00000+0 0  9992
2 21639  14.0653 353.4262 0008232 250.1796  85.4775  1.00281487128178
LAGEOS 2                
1 22195U 92070B   26214.52663378 -.00000009  00000+0  00000+0 0  9990
2 22195  52.6404 237.3761 0137992 207.6371 244.8960  6.47294110798425
TDRS 6                  
1 22314U 93003B   26213.84647139 -.00000288  00000+0  00000+0 0  9990
2 22314  14.1838 356.7139 0009139 188.5620  24.1232  1.00273305122869
SCD 1                   
1 22490U 93009B   26214.18600997  .00000383  00000+0  53741-4 0  9990
2 22490  24.9700 283.5613 0041628 264.9149 112.9812 14.46135735767783
UFO 2 (USA 95)          
1 22787U 93056A   26214.59789382  .00000131  00000+0  00000+0 0  9998
2 22787  11.9115   3.2916 0000863 341.9542 209.8441  1.00269411119016
STELLA                  
1 22824U 93061B   26214.60994779 -.00000036  00000+0  36598-5 0  9998
2 22824  98.7696 279.0218 0007476 100.4124  42.9989 14.27471647711395
EYESAT A (AO-27)        
1 22825U 93061C   26214.42910336  .00000075  00000+0  45360-4 0  9994
2 22825  98.6852 281.8191 0007720 331.7662  28.3101 14.30953205713618
ITAMSAT (IO-26)         
1 22826U 93061D   26214.46461263  .00000067  00000+0  41962-4 0  9994
2 22826  98.6801 281.7769 0007957 312.8505  47.2009 14.31381233713930
RADIO ROSTO (RS15)      
1 23439U 94085A   26214.50036749 -.00000055  00000+0 -36389-3 0  9999
2 23439  64.8127 228.3142 0157623 355.3681   4.5777 11.27583899301128
UFO 4 (USA 108)         
1 23467U 95003A   26214.63338435 -.00000016  00000+0  00000+0 0  9995
2 23467   9.6634  12.9363 0002867 108.8443 229.6997  1.00270512115411
TDRS 7                  
1 23613U 95035B   26214.64001927 -.00000232  00000+0  00000+0 0  9997
2 23613  13.3581 347.8647 0010749  89.4128 193.5341  1.00268944113713
USA 115 (MILSTAR-1 2)   
1 23712U 95060A   26214.43173286 -.00000196  00000+0  00000+0 0  9999
2 23712  14.0888   3.3922 0006734 134.4560 238.6556  1.00273261 33359
POLAR                   
1 23802U 96013A   26211.94069318  .00000257  00000+0  00000+0 0  9998
2 23802  79.9150 226.5302 6514606 207.5768  92.8114  1.29845995145424
INMARSAT 3-F1           
1 23839U 96020A   26214.55183696  .00000119  00000+0  00000+0 0  9999
2 23839  10.6952  46.1966 0005082 110.3103 209.4320  0.99986666110715
USA 119                 
1 23893U 96029A   26214.60932150  .00002002  00000+0  32761-3 0  9997
2 23893  63.3179  70.5890 0853579  49.9262 317.3498 13.46424814111526
JAS-2 (FO-29)           
1 24278U 96046B   26214.51883126 -.00000010  00000+0  27274-4 0  9994
2 24278  98.5206  57.0397 0349441 336.3917  22.1514 13.53276128479433
INMARSAT 3-F2           
1 24307U 96053A   26214.54127818 -.00000272  00000+0  00000+0 0  9990
2 24307   9.9586  53.4537 0006059  72.8911 122.5352  0.99981947109387
INMARSAT 3-F3           
1 24674U 96070A   26213.80740472 -.00000083  00000+0  00000+0 0  9991
2 24674  10.4143  49.2040 0003980 103.7157  84.7319  0.99999759108367
NAVSTAR 43 (USA 132)    
1 24876U 97035A   26213.57254423  .00000006  00000+0  00000+0 0  9991
2 24876  56.0183  96.8004 0104502  57.9299 303.1596  2.00564058212868
FORTE                   
1 24920U 97047A   26214.60729251  .00000093  00000+0  60587-4 0  9992
2 24920  69.9524 269.1698 0023720 220.8399 139.0946 14.27961563505312
USA 134                 
1 25019U 97065A   26214.59943714 -.00000059  00000+0  00000+0 0  9994
2 25019  12.8377  21.3612 0001594 322.4174  71.0452  1.00275915 33425
ORBCOMM FM06            
1 25118U 97084G   26214.32626935  .00000896  00000+0  27974-3 0  9990
2 25118  45.0123 190.5785 0001866 288.9433 210.9032 14.47661449501073
INMARSAT 3-F5           
1 25153U 98006B   26214.43892624 -.00000285  00000+0  00000+0 0  9996
2 25153   9.7920  52.7828 0004702  80.6634 281.6142  1.00274851104363
ORBCOMM FM04            
1 25159U 98007C   26214.37816837  .00000516  00000+0  22193-3 0  9995
2 25159 107.9626 264.4921 0042067 246.1120 113.5610 14.35809059483228
CELESTIS-02 & TAURUS R/B
1 25160U 98007D   26214.52176652 -.00000028  00000+0  44844-4 0  9995
2 25160 108.0144  65.9011 0060544  52.8763   3.6341 14.22497798477105
TECHSAT 1B (GO-32)      
1 25397U 98043D   26214.49487589  .00000040  00000+0  37648-4 0  9994
2 25397  99.0101 208.4284 0002371  85.7084 274.4365 14.24436520457920
WESTPAC                 
1 25398U 98043E   26214.53204528 -.00000022  00000+0  11093-4 0  9997
2 25398  99.0174 201.6849 0002396  83.0924 277.0526 14.23055689457531
ORBCOMM FM19            
1 25415U 98046C   26214.50505234  .00000839  00000+0  31135-3 0  9998
2 25415  44.9948  23.3809 0004201 176.5057 220.0031 14.39575069463459
ORBCOMM FM20            
1 25416U 98046D   26214.48773434  .00000610  00000+0  24587-3 0  9995
2 25416  44.9948  31.8996 0001309 163.7684 196.3206 14.38125835463451
ORBCOMM FM27            
1 25481U 98053G   26213.79428705  .00000938  00000+0  34546-3 0  9995
2 25481  45.0048 118.7206 0001159   7.8875 352.1992 14.39216427456802
SCD 2                   
1 25504U 98060A   26214.50960963  .00000360  00000+0  49461-4 0  9998
2 25504  24.9943 146.4857 0016519 252.3348 268.9344 14.45540654467037
ISS (ZARYA)             
1 25544U 98067A   26214.50635181  .00006342  00000+0  12183-3 0  9996
2 25544  51.6315  70.8679 0007172   4.7554 355.3502 15.49313226578933
SWAS                    
1 25560U 98071A   26214.26218392  .00003473  00000+0  22039-3 0  9996
2 25560  69.8960 108.6809 0006965 210.6668 149.4090 15.09871558504224
ISS (UNITY)             
1 25575U 98069F   26214.50635181  .00006342  00000+0  12183-3 0  9992
2 25575  51.6315  70.8679 0007172   4.7554 355.3502 15.49313226578386
DLR-TUBSAT              
1 25757U 99029B   26214.51866543  .00000067  00000+0  28317-4 0  9995
2 25757  98.6726 211.5541 0013641 205.1218 154.9315 14.52437357439970
CXO                     
1 25867U 99040B   26216.97920095  .00000891  00000+0  00000+0 0  9994
2 25867  56.8475 115.3636 7765389 309.7883   0.6258  0.37805846 17508
ABS-6                   
1 25924U 99053A   26214.62852498 -.00000112  00000+0  00000+0 0  9990
2 25924   0.0766 266.4227 0003632 199.9791 230.0524  1.00272158 98303
NAVSTAR 46 (USA 145)    
1 25933U 99055A   26214.63581049 -.00000035  00000+0  00000+0 0  9998
2 25933  51.4199 293.4341 0106052 178.0453 162.3301  2.00559910196509
UFO 10 (USA 146)        
1 25967U 99063A   26213.80350471 -.00000181  00000+0  00000+0 0  9997
2 25967   9.8569  26.9614 0001934 152.3897  37.3926  1.00275788 97800
ORBCOMM FM32            
1 25982U 99065C   26214.58691153  .00000500  00000+0  21374-3 0  9992
2 25982  45.0167 313.6030 0006849 273.8064  86.2001 14.37191579393766
XMM-NEWTON              
1 25989U 99066A   26215.22208871  .00000154  00000+0  00000+0 0  9997
2 25989  64.2396 282.3813 4663266  64.0669   0.0209  0.50122520 23245
TERRA                   
1 25994U 99068A   26214.60290566  .00000333  00000+0  76657-4 0  9993
2 25994  97.9427 262.3019 0003690  86.7853  68.4436 14.61136793416381
ASIASTAR                
1 26107U 00016A   26214.54171153 -.00000328  00000+0  00000+0 0  9997
2 26107   9.2324  57.6455 0004253  73.9255 119.5733  1.00272182 96383
IMAGE                   
1 26113U 00017A   26213.33577548  .00000063  00000+0  00000+0 0  9994
2 26113  94.2633 315.9565 7401830 282.7225  10.5101  1.68667340162263
USA 149 (DSP 20)        
1 26356U 00024A   26214.13179337  .00000100  00000+0  00000+0 0  9996
2 26356  13.2043  11.5123 0000794 207.6172 333.8123  1.00266762 33374
TDRS 8                  
1 26388U 00034A   26213.97614154 -.00000189  00000+0  00000+0 0  9992
2 26388  12.7544  30.9246 0003033  48.1652 307.6267  1.00268984 95633
ISS (ZVEZDA)            
1 26400U 00037A   26214.50635181  .00006342  00000+0  12183-3 0  9998
2 26400  51.6315  70.8679 0007172   4.7554 355.3502 15.49313226578429
NAVSTAR 48 (USA 151)    
1 26407U 00040A   26214.23615372  .00000078  00000+0  00000+0 0  9990
2 26407  54.8466 213.3334 0119976 302.9887 109.6790  2.00558000190870
CLUSTER II-FM7 (SAMBA)  
1 26410U 00041A   26214.98231182  .00239025 -15855-2  00000+0 0  9994
2 26410 149.6936  59.4218 9109167 277.1512 359.6182  0.44846044 20527
CLUSTER II-FM8 (TANGO)  
1 26464U 00045B   26213.45688058  .00329686 -21434-2  00000+0 0  9999
2 26464 149.8924  60.2557 9110771 277.8263   2.0212  0.44428447 20519
NSS-11                  
1 26554U 00059A   26214.57672660  .00000032  00000+0  00000+0 0  9993
2 26554   2.2405  80.8261 0003089  61.4213 192.5390  1.00271875 41756
USA 153                 
1 26575U 00065A   26213.83479152 -.00000320  00000+0  00000+0 0  9993
2 26575  11.7009  35.0295 0001871  74.5540 275.7976  1.00269102 33382
AMC-6                   
1 26580U 00067A   26214.59091316  .00000096  00000+0  00000+0 0  9996
2 26580   0.2650  84.0190 0004287  45.2888 259.5446  1.00272090 94351
NAVSTAR 49 (USA 154)    
1 26605U 00071A   26214.52459459  .00000001  00000+0  00000+0 0  9994
2 26605  55.6518  93.1236 0174092 266.9460 279.6716  2.00563385188446
ISS (DESTINY)           
1 26700U 01006B   26214.50635181  .00006342  00000+0  12183-3 0  9998
2 26700  51.6315  70.8679 0007172   4.7554 355.3502 15.49313226578466
ODIN                    
1 26702U 01007A   26214.63492782  .04748995  24326-5  19475-2 0  9997
2 26702  97.3551 259.4459 0011825 196.4444 163.6464 16.23145034396777
USA 157 (MILSTAR-2 2)   
1 26715U 01009A   26214.55183696  .00000116  00000+0  00000+0 0  9995
2 26715  11.5923  19.4609 0041622 178.6120 161.6497  1.00271462 33400
BSAT-2A                 
1 26720U 01011B   26214.53928485 -.00000048  00000+0  00000+0 0  9990
2 26720  10.8290  47.0520 0004390 176.8899  14.0109  0.99175392 92439
OMNI-M1                 
1 26857U 01026A   26212.05320827  .00000017  00000+0  00000+0 0  9993
2 26857  44.8211 235.1532 0013487  60.8686 299.3147  3.92402374207297
INTELSAT 902 (IS-902)   
1 26900U 01039A   26214.43979291 -.00000277  00000+0  00000+0 0  9994
2 26900   6.2309  71.2042 0004204  62.7050 285.3325  1.00270225 91158
PCSAT (NO-44)           
1 26931U 01043C   26214.46656357  .00000127  00000+0  78420-4 0  9990
2 26931  67.0509 124.5725 0005751 268.2764  91.7679 14.31971613297079
PROBA-1                 
1 26958U 01049B   26214.59709546  .00001149  00000+0  77582-4 0  9991
2 26958  97.9602 224.7580 0053937 327.5278  32.2634 15.07686262350612
TIMED                   
1 26998U 01055B   26214.23817954  .00001110  00000+0  10410-3 0  9990
2 26998  74.0682 142.2910 0002479 280.8860  79.2046 14.95383042337703
MAROC-TUBSAT            
1 27004U 01056D   26214.51526353 -.00000037  00000+0  10673-4 0  9991
2 27004  99.8113  32.2548 0020179  26.5128  42.9404 13.70264195232539
COSMOS 2385             
1 27056U 01058B   26214.65750064 -.00000116  00000+0 -72261-3 0  9992
2 27056  82.5369 190.1319 0007173 121.4533 359.6303 12.60565500131639
COSMOS 2386             
1 27057U 01058C   26214.40338859  .00000007  00000+0 -18534-4 0  9992
2 27057  82.5445 184.5841 0001302  68.9278 291.1951 12.61616737132338
USA 164 (MILSTAR-2 3)   
1 27168U 02001A   26214.59605177  .00000104  00000+0  00000+0 0  9995
2 27168  11.2340  21.6095 0098340   9.5269 153.5712  1.00274455 33429
INTELSAT 904 (IS-904)   
1 27380U 02007A   26214.44325959 -.00000219  00000+0  00000+0 0  9996
2 27380   7.0298  68.6166 0004601  43.6516 326.8821  1.00270542 52230
AQUA                    
1 27424U 02022A   26214.58889715  .00000660  00000+0  14100-3 0  9991
2 27424  98.4317 184.8082 0001573  98.7252 326.5363 14.62153458290056
DIRECTV 5 (TEMPO 1)     
1 27426U 02023A   26214.59989877 -.00000051  00000+0  00000+0 0  9990
2 27426   4.9905  74.7214 0003238  69.3158 273.0179  1.00271731 88583
INTELSAT 905 (IS-905)   
1 27438U 02027A   26214.58996372  .00000100  00000+0  00000+0 0  9998
2 27438   6.8643  69.2283 0003343  70.1467 246.9976  1.00273221 51828
GALAXY 3C (G-3C)        
1 27445U 02030A   26214.60347733 -.00000146  00000+0  00000+0 0  9995
2 27445   3.8496  77.3777 0001647  41.3659 314.8522  1.00271300 46951
COSMOS 2390             
1 27464U 02036A   26214.58461951  .00000009  00000+0 -82064-5 0  9992
2 27464  82.4881 315.9446 0026112 155.0260 205.2090 12.44624465 93445
COSMOS 2391             
1 27465U 02036B   26214.58927751  .00000020  00000+0  68716-4 0  9997
2 27465  82.4875 312.4558 0027056 149.1679 211.0998 12.44947120 93629
INTELSAT 906 (IS-906)   
1 27513U 02041A   26214.60501213  .00000019  00000+0  00000+0 0  9996
2 27513   5.9166  72.3381 0003116  43.8251 116.9787  1.00271424 87493
LATINSAT B              
1 27606U 02058B   26214.40047741  .00000350  00000+0  66760-4 0  9994
2 27606  64.5543 109.0567 0086880 260.9509  98.1755 14.77076878268926
SAUDISAT 1C (SO-50)     
1 27607U 02058C   26214.47994093  .00001112  00000+0  14801-3 0  9998
2 27607  64.5534 345.7458 0073937 253.9423 105.3533 14.83137667271325
LATINSAT A              
1 27612U 02058H   26214.33794993  .00000631  00000+0  88823-4 0  9997
2 27612  64.5533 178.3011 0050639 241.0021 118.6006 14.85547514274481
NIMIQ 2                 
1 27632U 02062A   26214.60051211 -.00000064  00000+0  00000+0 0  9990
2 27632   9.5483  56.3944 0005905  75.3643 286.4500  1.00270658 44652
CORIOLIS                
1 27640U 03001A   26214.49252430  .00000088  00000+0  61619-4 0  9999
2 27640  98.7144 220.6733 0015194  80.3812 279.9081 14.19956463220793
SORCE                   
1 27651U 03004A   26214.55943211  .00002607  00000+0  19603-3 0  9999
2 27651  39.9922 357.0593 0017002  20.5529 339.5946 15.03935501278886
NAVSTAR 51 (USA 166)    
1 27663U 03005A   26214.00272153  .00000077  00000+0  00000+0 0  9999
2 27663  54.8770 213.1486 0148705  53.2685 327.0944  2.00558078172235
USA 167                 
1 27691U 03008A   26214.59567068  .00000011  00000+0  00000+0 0  9997
2 27691  11.0494  42.9779 0002886 309.1029  51.6241  1.00269149  7246
NAVSTAR 52 (USA 168)    
1 27704U 03010A   26212.65064794 -.00000075  00000+0  00000+0 0  9999
2 27704  54.7831 323.5344 0005251 248.2865 121.4595  1.91454939170787
USA 169 (MILSTAR-2 4)   
1 27711U 03012A   26214.37905426 -.00000191  00000+0  00000+0 0  9995
2 27711  12.4170  29.4522 0098436  10.9351 199.1959  1.00270753 33417
ASIASAT 4               
1 27718U 03014A   26214.50114123 -.00000216  00000+0  00000+0 0  9993
2 27718   4.8188  75.1527 0002744  57.4277 146.4679  1.00271129 45764
HELLAS-SAT 2            
1 27811U 03020A   26214.17586499 -.00000078  00000+0  00000+0 0  9992
2 27811   7.4632  67.3223 0004938 102.6424 194.1030  1.00272201 43302
THURAYA-2               
1 27825U 03026A   26214.60093878  .00000131  00000+0  00000+0 0  9994
2 27825   8.9098  31.7521 0002017  28.1719 151.6075  1.00273171 84815
OPTUS C1                
1 27831U 03028B   26214.63101880 -.00000145  00000+0  00000+0 0  9995
2 27831   7.0002  68.8344 0005570  63.3040 202.0003  1.00272773 53529
MOST                    
1 27843U 03031D   26214.53223286  .00000044  00000+0  40266-4 0  9996
2 27843  98.7061 221.6139 0010881 115.7938 244.4363 14.21331048197294
CUTE-1 (CO-55)          
1 27844U 03031E   26214.47066522  .00000239  00000+0  12245-3 0  9999
2 27844  98.6752 222.4504 0010597  55.6247 304.5933 14.24361696198269
CUBESAT XI-IV (CO-57)   
1 27848U 03031J   26214.48241141  .00000194  00000+0  10421-3 0  9990
2 27848  98.6784 222.1372 0010674  72.3644 287.8699 14.23643261197969
SCISAT 1                
1 27858U 03036A   26214.34760002  .00000471  00000+0  64754-4 0  9990
2 27858  73.9290  79.6262 0006490 141.0091 219.1555 14.81498598238287
COSMOS 2400             
1 27868U 03037A   26214.58559490  .00000035  00000+0  17999-3 0  9999
2 27868  82.4734 300.7605 0020483 315.7761  44.1682 12.45191127 43318
COSMOS 2401             
1 27869U 03037B   26214.61669873  .00000006  00000+0 -28743-4 0  9990
2 27869  82.4721 297.0999 0021190 310.6830  49.2410 12.45503972 43552
USA 170                 
1 27875U 03040A   26213.74154344  .00000131  00000+0  00000+0 0  9995
2 27875  10.5924  47.5029 0001496  81.0847 112.9021  1.00269856 33455
MOZHAETS 4 (RS22)       
1 27939U 03042A   26214.66195929  .00000689  00000+0  11409-3 0  9991
2 27939  98.3478  40.3391 0012310 117.7413 314.9559 14.73544657222392
LARETS                  
1 27944U 03042F   26214.59508678  .00000025  00000+0  14543-4 0  9995
2 27944  98.4208  17.7859 0011086 249.6820 110.3190 14.63875879220156
GALAXY 13 (HORIZONS-1)  
1 27954U 03044A   26214.58381872  .00000140  00000+0  00000+0 0  9998
2 27954   1.5354  83.2447 0002070  49.5556 238.5275  1.00273434 47038
DMSP 5D-3 F16 (USA 172) 
1 28054U 03048A   26214.65615669 -.00000015  00000+0  16021-4 0  9993
2 28054  98.9886 238.7897 0007453  24.3445 126.8856 14.14485947176056
CHUANGXIN 1 (CX-1)      
1 28058U 03049B   26214.45355285  .00000172  00000+0  57883-4 0  9995
2 28058  98.5018 113.8485 0013393  46.3441 313.8860 14.48604830202974
YAMAL 202               
1 28089U 03053A   26213.42336277 -.00000075  00000+0  00000+0 0  9997
2 28089   6.4538  70.3821 0003440  61.5882 134.0174  1.00272514 83156
UFO 11 (USA 174)        
1 28117U 03057A   26214.53590484 -.00000097  00000+0  00000+0 0  9992
2 28117   8.9544  33.5689 0003105 115.9358  70.0532  1.00271903 82916
NAVSTAR 53 (USA 175)    
1 28129U 03058A   26210.60517097 -.00000068  00000+0  00000+0 0  9997
2 28129  55.0523  21.6992 0000891 334.2728  25.7498  1.92678583165286
USA 176 (DSP 22)        
1 28158U 04004A   26213.86957308 -.00000290  00000+0  00000+0 0  9992
2 28158  12.1218  25.7201 0001943 305.6201 242.8869  1.00280095 33394
ABS-4 (MOBISAT-1)       
1 28184U 04007A   26214.60431880  .00000045  00000+0  00000+0 0  9996
2 28184   6.1550  71.4299 0004919  62.6313  95.6417  1.00270801 52804
NAVSTAR 54 (USA 177)    
1 28190U 04009A   26213.26674699  .00000007  00000+0  00000+0 0  9991
2 28190  54.7934 273.8633 0117699 175.0660 186.1075  2.00553167163854
SHIYAN-1 (SY-1)         
1 28220U 04012A   26214.22672841  .00012304  00000+0  36585-3 0  9997
2 28220  97.8668 295.3206 0005253 201.3902 158.7121 15.34896676218156
INTELSAT 10-02          
1 28358U 04022A   26214.59206509 -.00000003  00000+0  00000+0 0  9997
2 28358   0.0535 259.4543 0000253 281.7536 342.1150  1.00271364 81026
NAVSTAR 55 (USA 178)    
1 28361U 04023A   26213.26210939 -.00000002  00000+0  00000+0 0  9996
2 28361  54.8952  84.8906 0158729 303.3453 235.4658  2.00559089161945
APRIZESAT 2             
1 28366U 04025A   26214.41629228  .00000164  00000+0  63468-4 0  9996
2 28366  98.1065  17.7903 0106796 110.3262 250.9440 14.38055834158286
SAUDICOMSAT 1           
1 28369U 04025D   26214.28192584  .00000237  00000+0  65478-4 0  9998
2 28369  98.5783 225.6605 0031002 241.2838 118.5242 14.55504569170836
SAUDICOMSAT 2           
1 28370U 04025E   26214.49731496  .00000256  00000+0  77223-4 0  9996
2 28370  98.6647 228.0533 0056648 118.8641 241.8254 14.50004227166816
SAUDISAT 2              
1 28371U 04025F   26214.53130697  .00000210  00000+0  57974-4 0  9999
2 28371  98.5532 215.7164 0025262 151.9017 208.3549 14.56707444172498
APRIZESAT 1             
1 28372U 04025G   26214.26472968  .00000205  00000+0  62428-4 0  9994
2 28372  98.6314 226.2465 0044912  16.6797 343.5863 14.51801593168596
AURA                    
1 28376U 04026A   26214.54561290  .00000676  00000+0  14647-3 0  9998
2 28376  98.3446 171.3918 0001571  91.2664 268.8717 14.61392588172987
ANIK F2                 
1 28378U 04027A   26214.59989894 -.00000043  00000+0  00000+0 0  9993
2 28378   3.4019  78.8183 0003481  51.3776 285.8476  1.00272074 41724
COSMOS 2407             
1 28380U 04028A   26214.51347127  .00000039  00000+0  23356-4 0  9994
2 28380  82.9584  40.5136 0040393 121.7863 267.9093 13.76337791106252
SHIJIAN-6 01A (SJ-6 01A)
1 28413U 04035A   26214.03517320  .00007206  00000+0  35128-3 0  9992
2 28413  97.5844 241.2755 0005347 354.2396   5.8775 15.18621904194423
SHIJIAN-6 01B (SJ-6 01B)
1 28414U 04035B   26214.61354417  .00002342  00000+0  16213-3 0  9993
2 28414  97.6034 231.8938 0004543   4.1918 355.9347 15.06635738193815
COSMOS 2408             
1 28419U 04037A   26214.59218108  .00000080  00000+0  48510-3 0  9995
2 28419  82.4867 296.7966 0016548 163.1458 197.0177 12.45681292993685
COSMOS 2409             
1 28420U 04037B   26214.64599791  .00000104  00000+0  65886-3 0  9995
2 28420  82.4873 300.0096 0013953 173.4018 186.7249 12.45324351993337
AMC-15                  
1 28446U 04041A   26214.60189531 -.00000081  00000+0  00000+0 0  9999
2 28446   0.0546 273.5063 0002278 214.8601 294.4491  1.00271512 79769
JB-3 3 (ZY 2C)          
1 28470U 04044A   26214.42420902  .00003277  00000+0  15446-3 0  9992
2 28470  97.2824   6.3534 0034418  60.4363 300.0296 15.19651530194806
NAVSTAR 56 (USA 180)    
1 28474U 04045A   26213.75266709 -.00000069  00000+0  00000+0 0  9998
2 28474  55.1065 323.0609 0170581 317.4722  99.8367  2.00557938159343
SWIFT                   
1 28485U 04047A   26214.23237142  .00060447  00000+0  41024-3 0  9995
2 28485  20.5509 188.4869 0002456 232.2675 127.7549 15.73154640194115
NANOSAT-1               
1 28493U 04049B   26214.33933196  .00000878  00000+0  12274-3 0  9996
2 28493  98.2336 352.1462 0004939 132.8074 227.3554 14.80244119162272
COSMOS 2414             
1 28521U 05002A   26214.53084193  .00000075  00000+0  49913-4 0  9994
2 28521  82.9509   8.5827 0039768 195.3294 164.6668 13.87930591 90247
NSS-10                  
1 28526U 05003A   26214.44221958 -.00000246  00000+0  00000+0 0  9992
2 28526   6.5604  69.8801 0003036  63.0393 299.8742  1.00272039 53625
INMARSAT 4-F1           
1 28628U 05009A   26214.57711355  .00000040  00000+0  00000+0 0  9991
2 28628   5.2293  42.7855 0002735  93.4539 200.8155  1.00272281 78133
IRS-P5 (CARTOSAT-1)     
1 28649U 05017A   26214.51564720  .00001077  00000+0  11385-3 0  9992
2 28649  97.5306 235.4799 0000634 100.3186 259.8105 14.91160086150723
DIRECTV 8               
1 28659U 05019A   26214.59636819  .00000009  00000+0  00000+0 0  9994
2 28659   0.0171  94.6628 0003147  55.3335 256.8437  1.00272369 77532
GALAXY 28 (G-28)        
1 28702U 05022A   26214.08785317 -.00000194  00000+0  00000+0 0  9995
2 28702   3.4132  78.3542 0002018  52.9659 183.8794  1.00270770 52438
SJ-7                    
1 28737U 05024A   26214.05034087  .00007225  00000+0  31723-3 0  9994
2 28737  97.7261 245.4037 0014180 227.9400 132.0629 15.22169464155008
THAICOM 4               
1 28786U 05028A   26214.57768081 -.00000354  00000+0  00000+0 0  9994
2 28786   0.3591  85.4009 0001403  27.0080 166.2204  1.00270721 52718
REIMEI (INDEX)          
1 28810U 05031B   26214.34617296  .00003877  00000+0  23360-3 0  9992
2 28810  98.0196 340.5589 0018222 317.8221  42.1604 15.11312604137964
ANIK F1R                
1 28868U 05036A   26214.60127640 -.00000068  00000+0  00000+0 0  9990
2 28868   4.4257  75.9930 0003721  36.4703 307.8908  1.00271922 46914
NAVSTAR 57 (USA 183)    
1 28874U 05038A   26213.26547647  .00000011  00000+0  00000+0 0  9990
2 28874  54.8428 271.3556 0128450 296.6410  93.9153  2.00562607152746
SYRACUSE 3A             
1 28885U 05041B   26214.60154545  .00000136  00000+0  00000+0 0  9994
2 28885   4.7561  75.2558 0002534  47.1389  91.9790  1.00270288 76213
BEIJING 1               
1 28890U 05043A   26214.64080699  .00000529  00000+0  11119-3 0  9997
2 28890  98.2979 348.1272 0015436 132.8456 227.4046 14.63558938107441
SINAH 1                 
1 28893U 05043D   26214.59277409  .00000313  00000+0  68786-4 0  9995
2 28893  98.2919 349.2028 0015496 128.1730 232.0870 14.64187689107313
CUBESAT XI-V            
1 28895U 05043F   26213.92487998  .00001251  00000+0  20400-3 0  9991
2 28895  98.3040  10.5236 0015151  63.4394 296.8363 14.72745311108480
INMARSAT 4-F2           
1 28899U 05044A   26214.57247277 -.00000253  00000+0  00000+0 0  9994
2 28899   5.1532  43.6998 0002682  77.2007 179.8594  1.00272086 75982
COSMOS 2416 (RODNIK-S 1)
1 28908U 05048A   26214.25402904  .00000047  00000+0  22172-3 0  9992
2 28908  82.4674 278.2007 0009045  72.3416 354.4647 12.55602042944688
METEOSAT-9 (MSG-2)      
1 28912U 05049B   26214.60137212  .00000130  00000+0  00000+0 0  9999
2 28912   9.4617  53.6961 0002662  10.6614 149.0633  1.00268281  7466
EUTELSAT 174A           
1 28924U 05052A   26214.63338522  .00000015  00000+0  00000+0 0  9998
2 28924   4.3301  75.9426 0006098  55.3785 221.9032  1.00270006 52795
ECHOSTAR 10             
1 28935U 06003A   26214.59982196 -.00000047  00000+0  00000+0 0  9990
2 28935   0.0503 275.9898 0001976 175.1693 325.7908  1.00271587 74927
SPAINSAT                
1 28945U 06007A   26213.22332651 -.00000211  00000+0  00000+0 0  9992
2 28945   0.6742  85.8062 0004905  42.2762 231.9571  1.00273472 74666
JCSAT-5A                
1 29045U 06010A   26214.61835885 -.00000320  00000+0  00000+0 0  9990
2 29045   1.2231  83.6799 0001780  15.0837 207.1127  1.00273035 74230
ASTRA 1KR               
1 29055U 06012A   26214.59605177  .00000127  00000+0  00000+0 0  9993
2 29055   0.5878  83.1263 0003116  46.6563  54.9830  1.00273748 46163
RESURS-DK 1             
1 29228U 06021A   26214.43726249  .00001698  00000+0  10102-3 0  9994
2 29228  69.9304 219.8125 0007621 253.9434 106.0893 15.13381098109578
GALAXY 16 (G-16)        
1 29236U 06023A   26214.57265167 -.00000119  00000+0  00000+0 0  9997
2 29236   0.0155 144.5961 0002707 350.6283 283.0873  1.00271431 73435
ARIRANG-2 (KOMPSAT-2)   
1 29268U 06031A   26214.61646824  .00000003  00000+0  91179-5 0  9993
2 29268  97.8320  36.8211 0013063 288.9301 161.4832 14.64684633 68276
EUTELSAT 33F            
1 29270U 06032A   26214.52750801  .00000163  00000+0  00000+0 0  9992
2 29270   1.7755  81.7087 0003272  47.7681  44.6368  1.00274388 47774
JCSAT-3A                
1 29272U 06033A   26214.61757884 -.00000337  00000+0  00000+0 0  9997
2 29272   0.0437 265.2251 0002671 237.8732 158.4327  1.00272280 48205
KOREASAT 5 (MUGUNGWHA 5)
1 29349U 06034A   26214.61463216 -.00000351  00000+0  00000+0 0  9992
2 29349   1.8990  82.3789 0001654  96.5801 106.5715  1.00271880 41780
HINODE (SOLAR-B)        
1 29479U 06041A   26214.51420156  .00000615  00000+0  11391-3 0  9990
2 29479  98.0550 229.9851 0018421 137.5887 222.6745 14.68680398 61672
NAVSTAR 58 (USA 190)    
1 29486U 06042A   26214.64049519  .00000042  00000+0  00000+0 0  9998
2 29486  54.7134 149.4945 0107682  55.7250 146.9393  2.00567247145322
DIRECTV 9S              
1 29494U 06043A   26214.57221833 -.00000106  00000+0  00000+0 0  9993
2 29494   2.5346  80.3317 0004685  45.6737 289.9597  1.00271655 51841
OPTUS D1                
1 29495U 06043B   26214.62592939 -.00000177  00000+0  00000+0 0  9996
2 29495   3.1486  79.0749 0003719  53.0483 196.3905  1.00271165 72580
SHIJIAN-6 02A (SJ-6 02A)
1 29505U 06046A   26214.58843824  .00007614  00000+0  38382-3 0  9998
2 29505  97.6328 256.0121 0002786  14.5854 345.5459 15.17443482 79308
SHIJIAN-6 02B (SJ-6 02B)
1 29506U 06046B   26214.59783600  .00000691  00000+0  58164-4 0  9994
2 29506  97.7119 243.3660 0012378 266.2788  93.7021 15.01466604 77708
DMSP 5D-3 F17 (USA 191) 
1 29522U 06050A   26214.62692303  .00000054  00000+0  50499-4 0  9996
2 29522  98.7398 220.2504 0008947 285.7566  74.2621 14.14998929 18993
BADR-4                  
1 29526U 06051A   26214.52776801  .00000163  00000+0  00000+0 0  9995
2 29526   2.1186  80.5969 0005058  45.5075  49.4551  1.00270442 51739
NAVSTAR 59 (USA 192)    
1 29601U 06052A   26214.28847828  .00000079  00000+0  00000+0 0  9997
2 29601  54.9307 212.1790 0084781  91.0637 269.9149  2.00560669144333
WILDBLUE-1              
1 29643U 06054A   26214.62380134  .00000046  00000+0  00000+0 0  9999
2 29643   2.9167  79.8876 0005130  56.0662 249.7672  0.99175479 54254
LAPAN-TUBSAT            
1 29709U 07001A   26214.58220534  .00000418  00000+0  54434-4 0  9995
2 29709  98.1364 214.8589 0013215  39.9275 320.2909 14.85995428 58041
THEMIS A                
1 30580U 07004A   26200.30138716 -.00000547  00000+0  00000+0 0  9991
2 30580   8.7612 106.9403 8357082 205.5446  59.6753  0.87844000 41566
SKYNET 5A               
1 30794U 07007B   26214.61107882 -.00000265  00000+0  00000+0 0  9997
2 30794   5.4147  73.1629 0003385  60.0573 133.1745  1.00273469 71165
THEMIS D                
1 30797U 07004D   26209.58702257 -.00000627  00000+0  00000+0 0  9996
2 30797   7.9578  78.3052 8323242 237.5097  13.9113  0.87589110 41435
THEMIS E                
1 30798U 07004E   26184.97903470 -.00000400  00000+0  00000+0 0  9991
2 30798   6.5283  97.0944 8437049 218.5457  13.1584  0.88041892 66063
ANIK F3                 
1 31102U 07009A   26214.59636925  .00000007  00000+0  00000+0 0  9998
2 31102   1.3117  83.2845 0002709  52.3776 271.5024  1.00271883 47024
HAIYANG-1B              
1 31113U 07010A   26214.50170235  .00000070  00000+0  42207-4 0  9990
2 31113  98.3534 194.5590 0014740  66.2057 294.0670 14.31037445  7263
SAUDISAT 3              
1 31118U 07012B   26214.49980186  .00000251  00000+0  48595-4 0  9996
2 31118  98.1479 164.9372 0016019  81.0853 279.2166 14.71450291 34552
SAUDICOMSAT 7           
1 31119U 07012C   26214.45273250  .00000636  00000+0  12253-3 0  9998
2 31119  98.3818 189.5410 0056751  52.3613 308.2720 14.66158563 29217
SAUDICOMSAT 6           
1 31121U 07012E   26214.47422283  .00000341  00000+0  74858-4 0  9998
2 31121  98.4137 182.8626 0071592 181.6685 178.4288 14.62597909 26956
SAUDICOMSAT 5           
1 31124U 07012H   26214.49759890  .00000676  00000+0  12479-3 0  9991
2 31124  98.3529 190.3254 0046920 341.5878  18.3626 14.68216750 30391
SAUDICOMSAT 3           
1 31125U 07012J   26214.44578995  .00000624  00000+0  10995-3 0  9996
2 31125  98.3184 190.8179 0037637 265.7020  93.9885 14.70774358 31620
SAUDICOMSAT 4           
1 31127U 07012L   26214.40869426  .00000447  00000+0  91535-4 0  9999
2 31127  98.4024 187.9312 0064582 113.5219 247.2786 14.64552050 28054
ASTRA 1L                
1 31306U 07016A   26214.44481959 -.00000177  00000+0  00000+0 0  9990
2 31306   1.4353  81.1811 0005322  48.7603 316.7228  1.00270896 45451
GALAXY 17 (G-17)        
1 31307U 07016B   26214.57542501 -.00000199  00000+0  00000+0 0  9990
2 31307   3.0827  79.3052 0003103  51.2608 302.7444  1.00272566 70269
YAOGAN-2                
1 31490U 07019A   26214.51804490  .00000538  00000+0  73571-4 0  9992
2 31490  98.2590  76.6373 0021684 122.2953 238.0363 14.82744962 34480
GLOBALSTAR M069         
1 31573U 07020C   26214.45638794 -.00000056  00000+0  33473-3 0  9993
2 31573  52.0026 121.1659 0001219 251.4955 280.1315 12.23472855884464
GLOBALSTAR M072         
1 31574U 07020D   26214.59276000 -.00000075  00000+0  12519-3 0  9996
2 31574  51.9962 336.7027 0001579  65.4642 307.3853 11.91658917880510
COSMO-SKYMED 1          
1 31598U 07023A   26214.58363822  .00001455  00000+0  13071-3 0  9999
2 31598  97.8847  46.8360 0001157  84.8716 275.2637 14.97297705 36738
TERRASAR-X              
1 31698U 07026A   26214.56300660  .00000283  00000+0  16672-4 0  9991
2 31698  97.4462 221.6110 0001745  82.8159 277.3274 15.19149155 60261
COSMOS 2428             
1 31792U 07029A   26214.44403562  .00000413  00000+0  24703-3 0  9999
2 31792  70.9379 257.3591 0007598  44.7684 315.4049 14.12949489984685
SAR-LUPE 2              
1 31797U 07030A   26214.60010514  .00036376  00000+0  51252-3 0  9991
2 31797  98.1069 325.0404 0007097 215.4563 144.6219 15.56526464 64145
WORLDVIEW-1 (WV-1)      
1 32060U 07041A   26214.56712476  .00005059  00000+0  21034-3 0  9997
2 32060  97.3827 333.6651 0001309 111.9182 248.2194 15.24229708 49948
INTELSAT 11 (IS-11)     
1 32253U 07044B   26214.50549457 -.00000078  00000+0  00000+0 0  9998
2 32253   3.6801  78.0929 0005454 107.0708 230.0414  0.99047739 68906
WGS F1 (USA 195)        
1 32258U 07046A   26214.51251461 -.00000259  00000+0  00000+0 0  9992
2 32258   0.0158  90.9514 0000714  82.5899 279.5402  1.00272542 52804
NAVSTAR 60 (USA 196)    
1 32260U 07047A   26214.59483345 -.00000012  00000+0  00000+0 0  9999
2 32260  54.1302  78.1529 0168322  88.4289 273.5818  2.00553194137748
GLOBALSTAR M066         
1 32265U 07048C   26214.38536884 -.00000102  00000+0 -59274-4 0  9992
2 32265  51.9593 285.2937 0005237 138.9728 301.6525 12.30390283865915
COSMOS 2433 [GLONASS-M] 
1 32275U 07052A   26214.37216600 -.00000042  00000+0  00000+0 0  9998
2 32275  65.5477 314.3794 0004113 210.6157 149.4071  2.13104434146040
COSMOS 2432 [GLONASS-M] 
1 32276U 07052B   26214.47264090 -.00000043  00000+0  00000+0 0  9997
2 32276  65.5638 314.5047 0007592 317.3940  63.4256  2.13103513146072
YAOGAN-3                
1 32289U 07055A   26214.63912615  .00002260  00000+0  23457-3 0  9992
2 32289  97.8134 244.0585 0001427  89.0210 271.1171 14.90946546 12797
SKYNET 5B               
1 32294U 07056B   26214.31208642  .00000146  00000+0  00000+0 0  9998
2 32294   5.3652  72.9418 0003886  53.6592 321.7521  1.00269425 68665
ASTRA 4A                
1 32299U 07057A   26214.16550399  .00000040  00000+0  00000+0 0  9999
2 32299   0.0275 283.7688 0002727 218.0826 233.2985  1.00273873 52109
COSMO-SKYMED 2          
1 32376U 07059A   26214.60828975  .00000307  00000+0  45126-4 0  9993
2 32376  97.8903  37.5373 0001479  90.6632 269.4750 14.82150213  8888
RADARSAT-2              
1 32382U 07061A   26214.56843880  .00000173  00000+0  83830-4 0  9995
2 32382  98.5790 220.8409 0001300  83.3257 276.8073 14.29983416972586
NAVSTAR 61 (USA 199)    
1 32384U 07062A   26214.65747584  .00000009  00000+0  00000+0 0  9993
2 32384  54.9959 272.2818 0036137 168.5355   5.2224  2.00562650136445
HORIZONS-2              
1 32388U 07063B   26214.57759169 -.00000246  00000+0  00000+0 0  9995
2 32388   2.7158  80.0469 0003117  32.0919 333.1792  1.00272598 68288
COSMOS 2434 [GLONASS-M] 
1 32393U 07065A   26211.35610985  .00000059  00000+0  00000+0 0  9999
2 32393  64.3209 190.4595 0001177 334.8157 121.0005  2.13101392144691
COSMOS 2436 [GLONASS-M] 
1 32395U 07065C   26214.58489278  .00000084  00000+0  00000+0 0  9996
2 32395  64.3296 190.4236 0017342 354.5098 190.4246  2.13100178144716
THURAYA-3               
1 32404U 08001A   26214.60483880  .00000016  00000+0  00000+0 0  9999
2 32404   6.0654  35.8107 0002355 104.1300  92.7111  1.00272253 67954
THOR 5                  
1 32487U 08006A   26214.59197843 -.00000001  00000+0  00000+0 0  9999
2 32487   0.0678 257.7031 0002539 245.8196  20.0288  1.00273200 67789
AMC-14                  
1 32708U 08011A   26214.46708019 -.00000248  00000+0  00000+0 0  9993
2 32708  24.0639  19.9599 0037984   8.5505 179.0587  1.00417987 68639
NAVSTAR 62 (USA 201)    
1 32711U 08012A   26214.00412063  .00000038  00000+0  00000+0 0  9995
2 32711  54.5010 148.0945 0211144 248.2219 109.5162  2.00551112134675
DIRECTV 11              
1 32729U 08013A   26214.57265167 -.00000117  00000+0  00000+0 0  9997
2 32729   0.0028 267.2278 0000360 165.7141 345.1958  1.00267790 46055
ICO G1                  
1 32763U 08016A   26214.57386501 -.00000165  00000+0  00000+0 0  9997
2 32763   5.5417  36.0182 0002129  90.3410 298.5512  1.00272883 67013
VINASAT-1               
1 32767U 08018A   26214.61835885 -.00000320  00000+0  00000+0 0  9995
2 32767   0.0576 261.8062 0001786 248.5242 155.4338  1.00272111 67051
STAR ONE C2             
1 32768U 08018B   26214.50809458 -.00000269  00000+0  00000+0 0  9993
2 32768   1.3525  82.0033 0002801  55.0807 291.9265  1.00273144 67117
CARTOSAT-2A             
1 32783U 08021A   26214.58434865  .00000655  00000+0  94698-4 0  9997
2 32783  97.7600 261.7033 0010963 327.7141  32.3399 14.79296039985663
CUTE-1.7+APD II (CO-65) 
1 32785U 08021C   26214.57966770  .00004423  00000+0  27736-3 0  9998
2 32785  97.8311 196.9859 0007473 222.3913 137.6739 15.09854653992198
CANX-2                  
1 32790U 08021H   26214.47273348  .00002976  00000+0  20903-3 0  9995
2 32790  97.8683 195.1691 0008365 242.6064 117.4312 15.05923203991774
SEEDS II (CO-66)        
1 32791U 08021J   26214.52957922  .00015610  00000+0  47243-3 0  9994
2 32791  97.7541 214.6976 0004616 123.3074 236.8610 15.34274090994394
AMOS-3                  
1 32794U 08022A   26214.59547013 -.00000127  00000+0  00000+0 0  9995
2 32794   0.5689  85.5659 0003618  90.5041  64.2939  1.00492449 82804
GALAXY 18 (G-18)        
1 32951U 08024A   26214.59497853  .00000033  00000+0  00000+0 0  9993
2 32951   0.0188  89.5383 0003039  51.2591 261.5750  1.00270978 46317
YUBILEINY (RS30)        
1 32953U 08025A   26214.61480545  .00000007  00000+0 -19969-4 0  9990
2 32953  82.5082 326.5625 0019254 207.1749 152.8325 12.43181211825464
COSMOS 2437             
1 32954U 08025B   26214.66137046 -.00000005  00000+0 -10803-3 0  9997
2 32954  82.5066 328.5763 0019948 225.6269 194.9924 12.42759516825149
COSMOS 2438             
1 32955U 08025C   26214.54390941 -.00000051  00000+0 -43851-3 0  9990
2 32955  82.5066 323.9777 0021098 200.3418 159.6823 12.43369721825590
COSMOS 2439             
1 32956U 08025D   26214.61143082 -.00000079  00000+0 -64230-3 0  9995
2 32956  82.5116 328.9387 0020524 210.9624 149.0247 12.43070826825484
FENGYUN 3A              
1 32958U 08026A   26214.56630005  .00000061  00000+0  49721-4 0  9996
2 32958  98.6889 154.5341 0008775   2.2269 357.8945 14.19579914941980
ZHONGXING-9             
1 33051U 08028A   26214.61055882 -.00000241  00000+0  00000+0 0  9996
2 33051   0.8814  84.7479 0003679  57.3916 121.2311  1.00273696 66502
FGRST (GLAST)           
1 33053U 08029A   26214.45299939  .00002438  00000+0  83856-4 0  9998
2 33053  25.5818 243.1841 0008362 150.0651 210.0367 15.24163139  2753
SKYNET 5C               
1 33055U 08030A   26214.17586499 -.00000133  00000+0  00000+0 0  9997
2 33055   3.9008  76.4835 0004510  65.2699 214.5621  1.00271313 66414
TURKSAT 3A              
1 33056U 08030B   26214.60059212  .00000154  00000+0  00000+0 0  9996
2 33056   0.0373  80.1342 0004792  34.4811  94.7745  1.00273189 52827
ECHOSTAR 11             
1 33207U 08035A   26214.59982182 -.00000050  00000+0  00000+0 0  9994
2 33207   1.1193  83.6363 0002408  40.5629 293.1315  1.00271259 51671
SUPERBIRD-C2            
1 33274U 08038A   26214.61913885 -.00000299  00000+0  00000+0 0  9993
2 33274   2.4749  80.6748 0006335  48.7846 180.6378  1.00269955106191
INMARSAT 4-F3           
1 33278U 08039A   26214.60502037 -.00000133  00000+0  00000+0 0  9997
2 33278   4.3354  31.7135 0002446 114.9803 284.3025  1.00272624 47016
HUANJING 1A (HJ-1A)     
1 33320U 08041A   26214.62221519  .00000460  00000+0  61242-4 0  9995
2 33320  97.6717 198.6756 0018855 351.1929   8.8952 14.84088837965293
HUANJING 1B (HJ-1B)     
1 33321U 08041B   26214.61268479  .00000900  00000+0  11470-3 0  9997
2 33321  97.6553 201.6964 0037351  33.1666 327.1879 14.83401396965298
GEOEYE 1                
1 33331U 08042A   26214.53832773  .00000389  00000+0  82127-4 0  9993
2 33331  98.1314 287.9177 0003182 271.6372  88.4466 14.64664125956931
NIMIQ 4                 
1 33373U 08044A   26214.57603169 -.00000212  00000+0  00000+0 0  9991
2 33373   0.0234  73.8437 0001716  45.9874 316.6872  1.00270481 65449
GALAXY 19 (G-19)        
1 33376U 08045A   26214.60417002 -.00000131  00000+0  00000+0 0  9998
2 33376   0.0520 257.9833 0002539 236.9227 296.7927  1.00271142 65368
THEOS                   
1 33396U 08049A   26214.61050943  .00000059  00000+0  47660-4 0  9998
2 33396  98.5539 270.3799 0001178  93.4659 266.6653 14.20139401924559
SHIJIAN-6 03A (SJ-6 03A)
1 33408U 08053A   26214.60593524  .00005569  00000+0  28045-3 0  9999
2 33408  97.8385 249.5486 0010372 203.9021 156.1731 15.17579794970003
SHIJIAN-6 03B (SJ-6 03B)
1 33409U 08053B   26214.59350108  .00001435  00000+0  10703-3 0  9997
2 33409  97.8574 235.2555 0017825 242.7607 117.1803 15.04427389969726
COSMO-SKYMED 3          
1 33412U 08054A   26214.61948602  .00001484  00000+0  10261-3 0  9990
2 33412  97.8228  73.9555 0016923 107.4163 252.8916 15.07222833963934
SHIYAN-3 (SY-3)         
1 33433U 08056A   26214.49298119  .00000109  00000+0  58214-4 0  9996
2 33433  98.6056 240.5806 0013617   3.4608 356.6667 14.30815943925425
CHUANGXIN 1-02 (CX-1-02)
1 33434U 08056B   26214.61252550  .00000267  00000+0  12017-3 0  9995
2 33434  98.6121 240.4138 0014492   9.0432 351.1009 14.30162828925253
ASTRA 1M                
1 33436U 08057A   26214.59605177  .00000128  00000+0  00000+0 0  9993
2 33436   0.4099  82.9072 0004445  55.3508  46.8943  1.00271715 46204
YAOGAN-4                
1 33446U 08061A   26214.58022340  .00000877  00000+0  11365-3 0  9994
2 33446  97.9303 147.7505 0012756 281.2583  78.7197 14.83283855952543
EUTELSAT HOTBIRD 13C    
1 33459U 08065A   26214.51095459 -.00000276  00000+0  00000+0 0  9990
2 33459   3.0635  78.6310 0003238  62.3501 303.7550  1.00270129 47816
GOSAT (IBUKI)           
1 33492U 09002A   26214.29769927  .00000523  00000+0  10064-3 0  9991
2 33492  98.0923 324.8090 0001079 100.3287 259.8040 14.67535881938228
STARS (KUKAI)           
1 33498U 09002G   26214.30657673  .00002766  00000+0  25179-3 0  9997
2 33498  98.1569 163.5120 0009120  26.6654 333.5033 14.96048707945370
KKS-1 (KISEKI)          
1 33499U 09002H   26214.53675407  .00001164  00000+0  14924-3 0  9995
2 33499  98.1164 137.7121 0008825 132.4115 227.7846 14.83231131943066
EXPRESS-AM44            
1 33595U 09007A   26214.02614242 -.00000083  00000+0  00000+0 0  9997
2 33595   3.5760  77.8276 0003946  44.9052 186.2944  1.00272282 52747
NSS-9                   
1 33749U 09008A   26214.57949556  .00000079  00000+0  00000+0 0  9992
2 33749   1.3757  82.1805 0002092  37.5225 223.1476  1.00271170 63982
TELSTAR 11N             
1 34111U 09009A   26214.44221958 -.00000243  00000+0  00000+0 0  9996
2 34111   0.0112 281.9134 0002545 205.5182 305.2555  1.00272540 46706
NAVSTAR 63 (USA 203)    
1 34661U 09014A   26214.16905734  .00000077  00000+0  00000+0 0  9996
2 34661  54.4791 208.8114 0144510  61.4421 117.6790  2.00571680127201
WGS F2 (USA 204)        
1 34713U 09017A   26214.60362546  .00000076  00000+0  00000+0 0  9993
2 34713   0.0173  79.4441 0000593 107.3548  39.2018  1.00271682 46083
SES-7 (PROTOSTAR 2)     
1 34941U 09027A   26214.61367883 -.00000337  00000+0  00000+0 0  9998
2 34941   0.0271  70.3912 0001304 130.9384  79.0424  1.00271453 63098
MEASAT-3A               
1 35362U 09032A   26214.62923863 -.00000103  00000+0  00000+0 0  9990
2 35362   0.0433 288.2527 0002514 193.7299 215.7723  1.00271240  8492
EWS-G3 (GOES 14)        
1 35491U 09033A   26214.61463216 -.00000337  00000+0  00000+0 0  9993
2 35491   1.8037  82.4531 0002150  55.1449 148.1337  1.00088260  7056
FM-5                    
1 35493U 09034A   26214.57516501 -.00000192  00000+0  00000+0 0  9996
2 35493   0.0552 254.9425 0001142 121.3637  55.7547  1.00271552 47108
TERRESTAR-1             
1 35496U 09035A   26214.59912959 -.00000049  00000+0  00000+0 0  9990
2 35496   5.2026  48.7453 0002399  72.2890 294.8334  1.00271511 62601
COSMOS 2451             
1 35498U 09036A   26214.61444638  .00000041  00000+0  22944-3 0  9996
2 35498  82.4849  63.5470 0007539 105.9041 254.2869 12.40871577773404
COSMOS 2453             
1 35500U 09036C   26214.56498984  .00000032  00000+0  15963-3 0  9990
2 35500  82.4851  59.0844 0007848  67.0263 293.1643 12.41520541773734
DEIMOS-1                
1 35681U 09041A   26214.64716733  .00000095  00000+0  21077-4 0  9993
2 35681  97.7460   9.8754 0002574  65.1730 294.9747 14.75279823913734
DUBAISAT-1              
1 35682U 09041B   26214.34930046  .00000718  00000+0  11383-3 0  9996
2 35682  98.0109 347.1174 0009008 284.3676  75.6533 14.75194205911900
UK-DMC 2                
1 35683U 09041C   26214.66062971  .00000619  00000+0  96899-4 0  9991
2 35683  97.8900 348.5074 0001838  88.8972 271.2449 14.76095028913423
APRIZESAT 4             
1 35684U 09041D   26214.17732805  .00000704  00000+0  90244-4 0  9991
2 35684  98.1390 290.4102 0043506 170.6903 189.5127 14.83939217918187
NANOSAT 1B              
1 35685U 09041E   26214.59615436  .00001179  00000+0  11626-3 0  9991
2 35685  98.1214 334.7619 0049467  13.2474 347.0030 14.93213365921341
APRIZESAT 3             
1 35686U 09041F   26214.37459190  .00001487  00000+0  13273-3 0  9993
2 35686  98.2121   9.8304 0060101 274.5352  84.9005 14.96345337923288
ASIASAT 5               
1 35696U 09042A   26213.04489265 -.00000301  00000+0  00000+0 0  9999
2 35696   0.0498 256.2485 0001672 203.1348 326.9153  1.00274268 62154
NAVSTAR 64 (USA 206)    
1 35752U 09043A   26214.50743464 -.00000052  00000+0  00000+0 0  9992
2 35752  56.2390  25.6352 0053492  85.1695 285.0905  2.00551854124296
JCSAT-12 (JCSAT-RA)     
1 35755U 09044A   26214.61835885  .00000000  00000+0  00000+0 0  9999
2 35755   0.0109 298.3168 0001158 274.3236  93.2340  1.00268753 62074
OPTUS D3                
1 35756U 09044B   26214.62793381 -.00000138  00000+0  00000+0 0  9998
2 35756   0.9010 268.1851 0003886 227.2948 197.9260  1.00270261 62032
NIMIQ 5                 
1 35873U 09050A   26214.64082566 -.00000249  00000+0  00000+0 0  9996
2 35873   0.0128 266.4350 0002785 219.7761 343.0144  1.00270822 61817
OCEANSAT-2              
1 35931U 09051A   26214.59403912  .00000376  00000+0  28207-3 0  9991
2 35931  98.2358 196.8139 0018175 102.0897 258.2308 13.99663874885829
SWISSCUBE               
1 35932U 09051B   26214.21230676  .00000830  00000+0  17323-3 0  9998
2 35932  98.3985 122.8942 0008135  72.0619 288.1468 14.62561843895881
BEESAT-1                
1 35933U 09051C   26214.31434199  .00000671  00000+0  14437-3 0  9992
2 35933  98.3913 122.5362 0006630  84.0750 276.1206 14.61787922895922
ITUPSAT1                
1 35935U 09051E   26214.27720068  .00000619  00000+0  13757-3 0  9998
2 35935  98.3998 121.6410 0008783  94.0831 266.1373 14.60502708895462
AMAZONAS 2              
1 35942U 09054A   26214.57802502 -.00000252  00000+0  00000+0 0  9993
2 35942   1.9295  82.4408 0003444  45.2764 319.5437  1.00273360 61652
COMSATBW-1              
1 35943U 09054B   26214.60475213  .00000033  00000+0  00000+0 0  9999
2 35943   0.0596 211.4652 0002797 281.3617  99.1129  1.00269774 61778
WORLDVIEW-2 (WV-2)      
1 35946U 09055A   26214.57749893  .00000098  00000+0  46815-4 0  9997
2 35946  98.4743 287.3942 0005584  86.5813 273.6013 14.37911621882311
DMSP 5D-3 F18 (USA 210) 
1 35951U 09057A   26214.60109784  .00000214  00000+0  13379-3 0  9996
2 35951  98.9076 195.2779 0012097 116.1986 244.0432 14.14921410866157
NSS-12                  
1 36032U 09058A   26214.60353880  .00000080  00000+0  00000+0 0  9990
2 36032   0.1015 268.4987 0004574 187.2611 129.6849  1.00271305 61389
THOR 6                  
1 36033U 09058B   26214.59206509 -.00000002  00000+0  00000+0 0  9999
2 36033   0.0106 142.5276 0002201  16.3694   4.5789  1.00271533 61478
SMOS                    
1 36036U 09059A   26214.54365691  .00000208  00000+0  80266-4 0  9990
2 36036  98.4435  41.2004 0001306  97.7823 262.3513 14.39745326880125
PROBA-2                 
1 36037U 09059B   26214.45741663  .00000136  00000+0  42284-4 0  9996
2 36037  98.2469  37.1738 0014181 134.0655 226.1712 14.54880722888250
POISK                   
1 36086U 09060A   26214.50635181  .00006342  00000+0  12183-3 0  9994
2 36086  51.6315  70.8679 0007172   4.7554 355.3502 15.49313226578509
SJ-11-01                
1 36088U 09061A   26214.62268221  .00000551  00000+0  11470-3 0  9991
2 36088  98.0089 194.3011 0009533 232.9962 258.5390 14.63730463891280
COSMOS 2455             
1 36095U 09063A   26214.17797097 -.00000034  00000+0  29325-4 0  9995
2 36095  67.1480 141.0515 0003974 290.3830  69.6827 13.97054329851551
INTELSAT 14 (IS-14)     
1 36097U 09064A   26214.44074624 -.00000266  00000+0  00000+0 0  9993
2 36097   0.0274  82.8204 0002529  56.4896 285.3943  1.00272446 61063
EUTELSAT 36B            
1 36101U 09065A   26214.60223878  .00000120  00000+0  00000+0 0  9993
2 36101   0.6021  81.3717 0005969  50.4403  86.6707  1.00270791 61170
INTELSAT 15 (IS-15)     
1 36106U 09067A   26214.60908549 -.00000177  00000+0  00000+0 0  9998
2 36106   0.0165  75.2610 0002282  58.5279 121.8280  1.00271276 41699
WGS F3 (USA 211)        
1 36108U 09068A   26214.60297131  .00000072  00000+0  00000+0 0  9992
2 36108   0.2823  85.7118 0000364  54.3059 258.2086  1.00269583 47055
YAOGAN-7                
1 36110U 09069A   26214.39456533  .00000321  00000+0  51616-4 0  9996
2 36110  98.0003  99.9623 0023204 249.3132 110.5591 14.78050111896458
COSMOS 2456 [GLONASS-M] 
1 36111U 09070A   26214.54240486  .00000006  00000+0  00000+0 0  9990
2 36111  65.0392  69.3915 0002840 348.4244 190.2140  2.13103890129416
COSMOS 2457 [GLONASS-M] 
1 36112U 09070B   26214.37604293  .00000007  00000+0  00000+0 0  9993
2 36112  65.0249  69.2402 0005017 125.0221  52.9710  2.13101102129412
YAOGAN-8                
1 36121U 09072A   26214.26183794 -.00000011  00000+0  93767-4 0  9994
2 36121 100.2102  96.3213 0020453 219.1584 140.8044 13.05085115794683
XIWANG-1 (HOPE-1)       
1 36122U 09072B   26214.60333301  .00000324  00000+0  96572-3 0  9996
2 36122 100.4057 167.6997 0008018 124.6053 235.5818 13.16441750799117
DIRECTV 12              
1 36131U 09075A   26214.57187167 -.00000096  00000+0  00000+0 0  9996
2 36131   0.0348 232.5721 0000374 284.2876 257.4661  1.00272946 47018
BEIDOU-2 G1             
1 36287U 10001A   26214.54873155 -.00000273  00000+0  00000+0 0  9992
2 36287   4.3974  60.2263 0001452 277.2610 311.6720  1.00271738 60635
SDO                     
1 36395U 10005A   26214.14453057 -.00000074  00000+0  00000+0 0  9996
2 36395  34.7423  85.6444 0001615  60.3976 114.7472  1.00276919 60520
INTELSAT 16 (IS-16)     
1 36397U 10006A   26214.57715836 -.00000237  00000+0  00000+0 0  9993
2 36397   0.0165  70.0237 0002062  67.4028 305.3210  1.00271392 60115
COSMOS 2460 [GLONASS-M] 
1 36402U 10007C   26214.61009201 -.00000041  00000+0  00000+0 0  9991
2 36402  65.3906 312.8961 0001809 170.8604 188.6467  2.13101959127719
EWS-G2 (GOES 15)        
1 36411U 10008A   26214.60475213  .00000030  00000+0  00000+0 0  9998
2 36411   1.4004  82.2500 0005602  60.0094  89.9127  1.00272573 60105
YAOGAN-9 01A            
1 36413U 10009A   26214.42086995 -.00000030  00000+0  43285-4 0  9994
2 36413  63.3615 238.5682 0541289  22.0859 340.2557 13.45706454806191
YAOGAN-9 01B            
1 36414U 10009B   26214.47470826 -.00000018  00000+0  51517-4 0  9993
2 36414  63.3628 238.0690 0542146  21.2425 341.0201 13.45714090805978
YAOGAN-9 01C            
1 36415U 10009C   26214.39862431 -.00000038  00000+0  37746-4 0  9992
2 36415  63.3625 238.7739 0542812  21.5769 340.7211 13.45715619806124
ECHOSTAR 14             
1 36499U 10010A   26214.59636774  .00000008  00000+0  00000+0 0  9991
2 36499   0.0028 278.3342 0001929 207.5414 281.0883  1.00271266 47013
CRYOSAT 2               
1 36508U 10013A   26214.60262145  .00000164  00000+0  39910-4 0  9994
2 36508  92.0344 288.5843 0002689  96.0819 264.0694 14.51902274864815
SES-1                   
1 36516U 10016A   26214.57221833 -.00000107  00000+0  00000+0 0  9992
2 36516   0.0532 270.1142 0002521 220.9645 285.0899  1.00271599 59490
COSMOS 2463             
1 36519U 10017A   26214.60556517  .00000026  00000+0  11960-4 0  9991
2 36519  82.9580 215.5984 0036152   3.7123 168.2149 13.71668094814295
ASTRA 3B                
1 36581U 10021A   26214.12891928  .00000144  00000+0  00000+0 0  9999
2 36581   1.5844  82.9694 0004189  33.8549 263.8010  1.00272594 59328
COMSATBW-2              
1 36582U 10021B   26214.59483844  .00000097  00000+0  00000+0 0  9992
2 36582   0.0532 121.8875 0002565  29.5267  27.1227  1.00273965 59421
NAVSTAR 65 (USA 213)    
1 36585U 10022A   26214.32911391  .00000078  00000+0  00000+0 0  9999
2 36585  54.2672 206.7038 0127204  66.2046 296.1122  2.00564639118526
SERVIS 2                
1 36588U 10023A   26214.51156461 -.00000037  00000+0  20747-4 0  9994
2 36588 100.4289  41.5435 0017434 167.1683 248.5077 13.16055959776860
BEIDOU-2 G3             
1 36590U 10024A   26214.60804547 -.00000129  00000+0  00000+0 0  9990
2 36590   4.6209  61.2869 0006729   2.5970 185.8423  1.00272861 59232
BADR-5                  
1 36592U 10025A   26214.59824049  .00000162  00000+0  00000+0 0  9996
2 36592   0.0518 114.1084 0006218  82.5877   0.3375  1.00273615 53689
SJ-12                   
1 36596U 10027A   26214.56487043  .00003869  00000+0  19868-3 0  9991
2 36596  97.7616 233.3680 0004886 305.3191  54.7584 15.17123585881895
TANDEM-X                
1 36605U 10030A   26214.49713716  .00000227  00000+0  13990-4 0  9993
2 36605  97.4474 221.5468 0001788  97.5559 262.5879 15.19149000893671
COMS 1                  
1 36744U 10032A   26214.59905242  .00000061  00000+0  00000+0 0  9996
2 36744   4.9188  74.7875 0011126  17.4120 323.4163  0.99163752 51549
ARABSAT-5A              
1 36745U 10032B   26214.59824049  .00000161  00000+0  00000+0 0  9993
2 36745   0.1552  72.3750 0005096  60.4760  64.1900  1.00269788 59114
ECHOSTAR 15             
1 36792U 10034A   26214.59636788  .00000000  00000+0  00000+0 0  9990
2 36792   0.0094 310.0992 0001888 192.1967 264.7677  1.00269624 58783
CARTOSAT-2B             
1 36795U 10035A   26214.62630362  .00000561  00000+0  83674-4 0  9995
2 36795  97.9920 264.8716 0012322  46.7678 313.4559 14.78671415866712
ALSAT-2A                
1 36798U 10035D   26214.56819475  .00000836  00000+0  13279-3 0  9993
2 36798  97.7644 215.2280 0002127  82.0987 278.0463 14.74546808860593
TISAT 1                 
1 36799U 10035E   26214.60489847  .00018885  00000+0  58618-3 0  9994
2 36799  98.0722 165.3388 0004866  88.9700 271.2098 15.33432452874813
BEIDOU-2 IGSO-1         
1 36828U 10036A   26214.56665200 -.00000105  00000+0  00000+0 0  9997
2 36828  54.3068 162.5419 0058686 224.7178 234.1435  1.00258865 58568
NILESAT 201             
1 36830U 10037A   26214.17059104 -.00000050  00000+0  00000+0 0  9997
2 36830   0.0454 232.9752 0005418 276.0044 216.2018  1.00272243 58831
RASCOM-QAF 1R           
1 36831U 10037B   26214.16503061  .00000026  00000+0  00000+0 0  9995
2 36831   0.0152  93.1698 0005758  28.7283 251.1500  1.00271222 58769
YAOGAN-10               
1 36834U 10038A   26214.64505391  .00001528  00000+0  18339-3 0  9996
2 36834  97.8963 237.6800 0001486  84.1532  61.8961 14.85480697864108
AEHF-1 (USA 214)        
1 36868U 10039A   26213.74275677  .00000153  00000+0  00000+0 0  9990
2 36868   8.3302  67.4429 0003870  62.0613 118.1803  1.00270209 54111
COSMOS 2467             
1 37152U 10043A   26214.52359640  .00000027  00000+0  12475-3 0  9995
2 37152  82.4553  36.0234 0001592  63.7477 351.1257 12.42987529721267
STRELA 3                
1 37153U 10043B   26214.59295064  .00000138  00000+0  94898-3 0  9994
2 37153  82.4544  49.5014 0007501 350.0634  10.0294 12.40793617720123
COSMOS 2468 (RODNIK-S 3)
1 37154U 10043C   26214.48674304  .00000008  00000+0 -12396-4 0  9992
2 37154  82.4594  33.2360 0014259 204.2250 181.5417 12.43748448721638
YAOGAN-11               
1 37165U 10047A   26214.63315761  .00000746  00000+0  10014-3 0  9996
2 37165  98.3792  82.9137 0035943  92.8199 267.7127 14.82145031854978
ZHEDA PIXING 1B         
1 37166U 10047B   26214.59764021  .00000684  00000+0  74261-4 0  9995
2 37166  97.9517 193.1449 0020410 124.6082 235.7064 14.91347776857336
ZHEDA PIXING 1C         
1 37167U 10047C   26214.59782318  .00000888  00000+0  95266-4 0  9999
2 37167  97.9813 196.7250 0019978 130.8363 229.4591 14.91085383857342
SBSS (USA 216)          
1 37168U 10048A   26214.20123966  .00005065  00000+0  23968-3 0  9998
2 37168  97.7259 100.5492 0081585  45.6706 111.5546 15.16874777859448
SHIJIAN-6 04A (SJ-6 04A)
1 37179U 10051A   26214.62286486  .00005267  00000+0  25768-3 0  9991
2 37179  97.8268 239.4269 0019840  68.0380 292.2959 15.18492476863991
SHIJIAN-6 04B (SJ-6 04B)
1 37180U 10051B   26214.60485892  .00000353  00000+0  33839-4 0  9993
2 37180  97.8699 220.5104 0009806 158.2053 201.9588 14.99389676862630
XM-5                    
1 37185U 10053A   26214.59774981 -.00000015  00000+0  00000+0 0  9993
2 37185   0.0660 267.5121 0000996 321.5524 182.1203  1.00269874 57947
GLOBALSTAR M079         
1 37188U 10054A   26214.60664863 -.00000089  00000+0  82593-4 0  9999
2 37188  52.0063 327.3640 0000988 105.9346 266.7298 12.62266568728419
GLOBALSTAR M074         
1 37189U 10054B   26214.48926867 -.00000094  00000+0  53415-4 0  9998
2 37189  52.0039 326.9798 0000675 120.1461 318.5595 12.62262062729009
GLOBALSTAR M076         
1 37190U 10054C   26214.51617012 -.00000093  00000+0  61494-4 0  9998
2 37190  52.0051 327.1052 0000920 119.5341 321.4162 12.62262805728729
GLOBALSTAR M077         
1 37191U 10054D   26214.59848964 -.00000060  00000+0  33638-3 0  9991
2 37191  51.9964  61.4967 0002064 260.6550 112.9570 11.67547751726561
GLOBALSTAR M075         
1 37192U 10054E   26214.35393486 -.00000101  00000+0  14391-4 0  9992
2 37192  51.9967   9.6249 0000786  89.2658 275.0040 12.62268024727771
GLOBALSTAR M073         
1 37193U 10054F   26214.62423975 -.00000087  00000+0  91380-4 0  9996
2 37193  52.0061 282.9413 0000766 122.3437  29.0558 12.62267226729798
BSAT-3B                 
1 37207U 10056B   26214.61402550 -.00000342  00000+0  00000+0 0  9997
2 37207   0.0516 248.5620 0003250 300.8522  92.6794  1.00271605 52567
BEIDOU-2 G4             
1 37210U 10057A   26214.62908316 -.00000105  00000+0  00000+0 0  9991
2 37210   3.7571  68.6416 0005800 179.3503  89.7041  1.00272952 57751
FENGYUN 3B              
1 37214U 10059A   26214.64221317  .00000481  00000+0  27196-3 0  9993
2 37214  98.9590 260.8471 0023000  56.6955  95.4142 14.14852213813994
COSMO-SKYMED 4          
1 37216U 10060A   26214.62095810  .00000745  00000+0  10012-3 0  9994
2 37216  97.8900  37.5514 0001506  83.2931 276.8453 14.82152629851444
SKYTERRA 1              
1 37218U 10061A   26214.57221833 -.00000111  00000+0  00000+0 0  9997
2 37218   5.2190  50.7532 0002307  35.2933 329.7928  1.00271605 57665
O/OREOS (USA 219)       
1 37224U 10062C   26214.46940500  .00001816  00000+0  17626-3 0  9990
2 37224  71.9730 335.4855 0015326 330.6416  29.3892 14.93918230123559
FASTSAT-HSV01 (USA 220) 
1 37225U 10062D   26213.99095210  .00000416  00000+0  59432-4 0  9994
2 37225  71.9713  57.8447 0015284  36.4565 323.7637 14.82182262120913
HYLAS 1                 
1 37237U 10065A   26214.60362546  .00000002  00000+0  00000+0 0  9991
2 37237   5.7553  72.4363 0001944 141.1909  12.0332  1.00649595  7352
INTELSAT 17 (IS-17)     
1 37238U 10065B   26214.60527213  .00000006  00000+0  00000+0 0  9990
2 37238   0.0204 112.7545 0002544  24.0336  98.3014  1.00271959 53714
BEIDOU-2 IGSO-2         
1 37256U 10068A   26209.63962046 -.00000160  00000+0  00000+0 0  9999
2 37256  47.4712 271.3141 0057253 214.8930 158.5338  1.00269938 57214
EUTELSAT KA-SAT 9A      
1 37258U 10069A   26214.59405844  .00000070  00000+0  00000+0 0  9990
2 37258   0.0652   3.6593 0004948 150.1638  20.2021  1.00272888 44477
HISPASAT 30W-5          
1 37264U 10070A   26214.08733316 -.00000209  00000+0  00000+0 0  9996
2 37264   0.0283 113.5045 0005885  28.4702 170.1447  1.00269742 53648
KOREASAT 6              
1 37265U 10070B   26214.57041426 -.00000104  00000+0  00000+0 0  9999
2 37265   0.0154  79.8630 0002904  65.8627 170.6664  1.00270917 57231
BEIDOU-2 IGSO-3         
1 37384U 11013A   26202.49436278 -.00000172  00000+0  00000+0 0  9995
2 37384  62.4558  39.8259 0035881 183.5212 359.9880  1.00259347 56004
RESOURCESAT-2           
1 37387U 11015A   26214.61209486  .00000058  00000+0  46383-4 0  9997
2 37387  98.7617 281.7262 0012362 121.4122 238.8266 14.21603242792775
YOUTHSAT                
1 37388U 11015B   26214.55965355  .00000142  00000+0  77145-4 0  9999
2 37388  98.3723 186.5320 0013874 201.3701 279.1682 14.25647162794244
X-SAT                   
1 37389U 11015C   26214.56090275  .00000115  00000+0  66403-4 0  9996
2 37389  98.3551 189.3841 0013303 202.5580 157.5017 14.25218311794283
INTELSAT 28 (IS-28)     
1 37392U 11016A   26214.44325959 -.00000218  00000+0  00000+0 0  9999
2 37392   1.9199  82.0459 0003827  54.8175 302.0383  1.00271627 53747
YAHSAT 1A               
1 37393U 11016B   26214.60267212  .00000109  00000+0  00000+0 0  9993
2 37393   0.0160  96.6732 0003225  30.7460  93.2422  1.00270602 42870
SBIRS GEO-1 (USA 230)   
1 37481U 11019A   26214.53123469  .00000107  00000+0  00000+0 0  9999
2 37481   4.6363  53.0733 0001711  78.3405  62.7506  1.00272576 55865
GSAT-8                  
1 37605U 11022A   26214.60319213  .00000092  00000+0  00000+0 0  9996
2 37605   2.2452  81.2452 0003528 150.5596 351.6296  1.00270670 53686
ST-2                    
1 37606U 11022B   26214.60969215 -.00000203  00000+0  00000+0 0  9995
2 37606   0.0167  94.0034 0001687  67.0593  97.6386  1.00270547 55746
ZHONGXING-10            
1 37677U 11026A   26212.96959631 -.00000183  00000+0  00000+0 0  9992
2 37677   1.1577  83.6774 0003610  30.1729 270.3271  1.00270716 55444
SJ-11-03                
1 37730U 11030A   26214.61038831  .00000169  00000+0  40590-4 0  9997
2 37730  97.9375 176.9878 0006775 243.8258 231.9158 14.64378018803906
GLOBALSTAR M083         
1 37739U 11033A   26214.47870675 -.00000105  00000+0 -55022-5 0  9992
2 37739  51.9839 231.5481 0000502 115.0952  35.5746 12.62258505698795
GLOBALSTAR M088         
1 37740U 11033B   26214.29781116 -.00000086  00000+0  99726-4 0  9990
2 37740  52.0206 138.6366 0000441  46.1632 121.2643 12.62269572694316
GLOBALSTAR M091         
1 37741U 11033C   26214.47017822 -.00000087  00000+0  94329-4 0  9992
2 37741  51.9995 101.0105 0000815  56.3938 115.0194 12.62264458695122
GLOBALSTAR M085         
1 37742U 11033D   26214.58559801 -.00000108  00000+0 -23916-4 0  9992
2 37742  52.0131  51.9908 0001026  73.0174 323.1138 12.62264673695651
GLOBALSTAR M081         
1 37743U 11033E   26214.52852740 -.00000099  00000+0  27044-4 0  9999
2 37743  51.9963  54.5476 0000880  82.3837 294.2533 12.62265633695797
GLOBALSTAR M089         
1 37744U 11033F   26214.49404927 -.00000109  00000+0 -26760-4 0  9993
2 37744  51.9950   8.8019 0000666 113.5819 287.5616 12.62267730696639
SES-3                   
1 37748U 11035A   26214.57187167 -.00000094  00000+0  00000+0 0  9998
2 37748   1.4404  82.5565 0002320  61.4752 270.0082  1.00271056 55053
KAZSAT-2                
1 37749U 11035B   26214.60934549 -.00000190  00000+0  00000+0 0  9994
2 37749   0.0129 117.8416 0000751  74.8244  64.3940  1.00273663 53860
NAVSTAR 66 (USA 232)    
1 37753U 11036A   26213.29254519 -.00000073  00000+0  00000+0 0  9996
2 37753  56.5412 330.2655 0141311  62.9938 336.8145  2.00561825110182
BEIDOU-2 IGSO-4         
1 37763U 11038A   26213.83794707 -.00000029  00000+0  00000+0 0  9998
2 37763  54.6058 165.2677 0160374 231.3327 310.0794  1.00276545 55107
SJ-11-02                
1 37765U 11039A   26214.45500487  .00000395  00000+0  83661-4 0  9994
2 37765  98.2555 104.6032 0011683 114.6549  58.1405 14.64522714800725
ASTRA 1N                
1 37775U 11041A   26214.59605177  .00000128  00000+0  00000+0 0  9990
2 37775   0.0631   9.0562 0005992 118.7945  57.1109  1.00272720 44993
BSAT-3C (JCSAT-110R)    
1 37776U 11041B   26214.59105829 -.00000343  00000+0  00000+0 0  9990
2 37776   0.0368 283.5979 0000045 276.1553  74.1718  1.00271886 50938
PAKSAT-1R               
1 37779U 11042A   26214.59981212  .00000162  00000+0  00000+0 0  9990
2 37779   0.8034  84.1385 0003066 359.8178 121.1302  1.00268874 54943
HAIYANG-2A              
1 37781U 11043A   26214.58450076 -.00000114  00000+0 -76757-4 0  9998
2 37781  99.3411 216.1732 0000244 249.4713 110.6409 13.72723583753026
NIGERIASAT-2            
1 37789U 11044B   26214.62048222  .00000165  00000+0  34997-4 0  9992
2 37789  97.8817 190.2583 0029542 336.5715 145.0360 14.70554409797399
NIGERIASAT-X            
1 37790U 11044C   26214.50480073  .00000283  00000+0  66830-4 0  9997
2 37790  97.8584 196.3259 0012107 182.1094 178.0059 14.60896021796931
RASAT                   
1 37791U 11044D   26214.59846481  .00000809  00000+0  14847-3 0  9990
2 37791  98.0581 305.2878 0021612  47.8268  63.6416 14.68210307799991
APRIZESAT 5             
1 37792U 11044E   26214.55419557  .00000676  00000+0  92506-4 0  9998
2 37792  98.2447 148.9119 0051283 212.1413 147.6670 14.81153920805659
APRIZESAT 6             
1 37793U 11044F   26214.36072506  .00000582  00000+0  89478-4 0  9997
2 37793  98.2318 125.7959 0041844 299.2313 174.3592 14.76981282803965
SES-2                   
1 37809U 11049A   26214.57499168 -.00000188  00000+0  00000+0 0  9992
2 37809   0.1708  90.0490 0002930  41.3774 299.7403  1.00271419 54421
ARABSAT-5C              
1 37810U 11049B   26214.52482133  .00000131  00000+0  00000+0 0  9990
2 37810   0.0559  31.0657 0003540 116.6681  12.2990  1.00272749 54502
EUTELSAT 7 WEST A       
1 37816U 11051A   26214.17059104 -.00000053  00000+0  00000+0 0  9992
2 37816   0.0683  25.8012 0005048 114.8724 224.2010  1.00272542 54335
TACSAT 4                
1 37818U 11052A   26210.62913873  .00001315  00000+0  51241-3 0  9991
2 37818  62.8299  90.7336 4627067 285.0825  29.6278  6.15655129327405
QUETZSAT 1              
1 37826U 11054A   26214.50566791  .00000000  00000+0  00000+0 0  9999
2 37826   0.0114 319.9278 0002870 182.6557 273.5625  1.00268645 50337
INTELSAT 18 (IS-18)     
1 37834U 11056A   26214.57803117  .00000061  00000+0  00000+0 0  9990
2 37834   0.0104 290.5005 0002019 216.2858 192.4727  1.00270662 54271
EUTELSAT 16A            
1 37836U 11057A   26214.59544510  .00000112  00000+0  00000+0 0  9991
2 37836   0.0433  32.9994 0005645  97.6961  50.8355  1.00270188  7801
JUGNU                   
1 37839U 11058B   26214.59556671  .00000386  00000+0  62015-4 0  9998
2 37839  19.9619  26.4732 0018504 229.0467 188.5273 14.13788044765607
SRMSAT                  
1 37841U 11058D   26214.18561238  .00000361  00000+0  52243-4 0  9996
2 37841  19.9708 141.0463 0011612 350.7496 155.8353 14.11584420764325
VIASAT-1                
1 37843U 11059A   26214.59774985  .00000000  00000+0  00000+0 0  9998
2 37843   0.0149  91.6859 0002021  36.5506 283.0547  1.00265645 47783
GSAT0101 (GALILEO-PFM)  
1 37846U 11060A   26213.01543984 -.00000080  00000+0  00000+0 0  9991
2 37846  56.9777 340.5471 0001687  66.1932 293.8302  1.70475731 91882
GSAT0102 (GALILEO-FM2)  
1 37847U 11060B   26213.52655969 -.00000079  00000+0  00000+0 0  9993
2 37847  56.9783 340.5337 0001788 356.6870   2.6860  1.70476000 91897
SUOMI NPP               
1 37849U 11061A   26214.57926813  .00000063  00000+0  50984-4 0  9994
2 37849  98.7960 155.1408 0001750 153.9821 206.1444 14.19525908765023
COSMOS 2476 [GLONASS-M] 
1 37867U 11064A   26214.23690935  .00000009  00000+0  00000+0 0  9992
2 37867  65.2966  71.3174 0022163 234.1141 338.4780  2.13103958114742
COSMOS 2477 [GLONASS-M] 
1 37868U 11064B   26214.44711782  .00000008  00000+0  00000+0 0  9999
2 37868  65.3033  71.3900 0019084 234.5931 319.4669  2.13103170114746
COSMOS 2475 [GLONASS-M] 
1 37869U 11064C   26213.31197398  .00000012  00000+0  00000+0 0  9991
2 37869  65.3097  71.4503 0024469 249.3068 108.8369  2.13102007114728
YAOGAN-12               
1 37875U 11066B   26214.60054093  .00003913  00000+0  14989-3 0  9995
2 37875  97.1108 250.9928 0010672  65.0210 295.2138 15.27043914819120
CHUANGXIN 1-03 (CX-1-03)
1 37930U 11068A   26214.63147633 -.00000003  00000+0  15996-4 0  9993
2 37930  98.6979 232.2418 0014716 345.1614 160.5833 14.30547121767292
SHIYAN-4 (SY-4)         
1 37931U 11068B   26214.54038216  .00000121  00000+0  62652-4 0  9991
2 37931  98.6951 233.6007 0023134  12.7625 140.4708 14.31144301765521
ASIASAT 7               
1 37933U 11069A   26213.82898481 -.00000327  00000+0  00000+0 0  9995
2 37933   0.0296 291.9336 0001459 174.3077 248.1385  1.00270108 45318
LUCH-5A                 
1 37951U 11074B   26214.58615198 -.00000043  00000+0  00000+0 0  9992
2 37951   8.8654  73.1204 0003145  89.1523 167.0375  1.00268706 53519
SSOT                    
1 38011U 11076E   26214.67092098  .00000682  00000+0  91187-4 0  9999
2 38011  97.8035 273.9597 0001526  81.0831  83.9952 14.82595233791267
PLEIADES 1A             
1 38012U 11076F   26214.65598649  .00000379  00000+0  91341-4 0  9996
2 38012  98.1957 289.1296 0001360  72.9696  84.0900 14.58557164778763
NIGCOMSAT 1R            
1 38014U 11077A   26214.60067878  .00000153  00000+0  00000+0 0  9996
2 38014   0.0457 242.5604 0002397 105.0038 222.3705  1.00272854 53429
ZIYUAN 1-02C (ZY 1-02C) 
1 38038U 11079A   26214.63720115  .00000437  00000+0  15781-3 0  9998
2 38038  98.4045 280.9697 0006794 158.1925   3.4705 14.38249431765884
GLOBALSTAR M084         
1 38040U 11080A   26214.36252550 -.00000102  00000+0  85366-5 0  9994
2 38040  51.9988 236.7102 0000372 155.6735 307.0763 12.62269656674594
GLOBALSTAR M080         
1 38041U 11080B   26214.39367531 -.00000102  00000+0  11511-4 0  9994
2 38041  52.0036 238.3507 0000397  43.5138 330.2252 12.62258003674727
GLOBALSTAR M082         
1 38042U 11080C   26214.36261933 -.00000111  00000+0 -38671-4 0  9998
2 38042  52.0051 193.9478 0000431  44.9448 118.2895 12.62274955675425
GLOBALSTAR M092         
1 38043U 11080D   26214.65318252 -.00000086  00000+0  97292-4 0  9992
2 38043  52.0087 283.4662 0000480 124.5893  38.9208 12.62268355673913
GLOBALSTAR M090         
1 38044U 11080E   26214.38953102 -.00000110  00000+0 -34419-4 0  9993
2 38044  52.0099 187.8365 0000490  69.0081  95.3719 12.62269765675548
GLOBALSTAR M086         
1 38045U 11080F   26214.32750888 -.00000094  00000+0  52363-4 0  9992
2 38045  51.9874 187.8783 0001247 135.7139  11.6788 12.62288303675487
WGS F4 (USA 233)        
1 38070U 12003A   26214.60977882  .00000000  00000+0  00000+0 0  9994
2 38070   0.0220  84.2014 0001150 203.9693 330.9365  1.00269682 44610
LARES                   
1 38077U 12006A   26214.51879928 -.00000044  00000+0 -31711-4 0  9994
2 38077  69.4875 213.1071 0009329 342.3936  17.6766 12.54932374662887
SES-4                   
1 38087U 12007A   26214.08889317 -.00000160  00000+0  00000+0 0  9991
2 38087   0.0216  30.7817 0002675 106.1326 183.7760  1.00273913 52681
BEIDOU-2 G5             
1 38091U 12008A   26214.60388546  .00000062  00000+0  00000+0 0  9993
2 38091   3.6841  69.3877 0006647 267.1769 250.8251  1.00276733 52836
MUOS-1                  
1 38093U 12009A   26214.57247833 -.00000120  00000+0  00000+0 0  9991
2 38093   5.5686  47.0829 0055694   4.1311   6.0386  1.00270595 52913
INTELSAT 22 (IS-22)     
1 38098U 12011A   26214.60648547 -.00000050  00000+0  00000+0 0  9992
2 38098   0.0249  76.6775 0001714  56.6436 108.2944  1.00270932  7656
APSTAR-7                
1 38107U 12013A   26214.77099453 -.00000093  00000+0  00000+0 0  9996
2 38107   0.0291 101.6159 0003430  41.9861 161.8192  1.00271391 52273
YAHSAT 1B               
1 38245U 12016A   26214.53036802  .00000134  00000+0  00000+0 0  9990
2 38245   0.0846  89.7544 0002070  13.9504  85.9793  1.00273218 46072
BEIDOU-2 M3             
1 38250U 12018A   26213.83016544 -.00000047  00000+0  00000+0 0  9995
2 38250  55.7155 303.3359 0021571 272.1333  87.6831  1.86230271 96795
BEIDOU-2 M4             
1 38251U 12018B   26213.76253899 -.00000046  00000+0  00000+0 0  9993
2 38251  55.6154 302.5486 0012904 271.8385  88.0779  1.86229890 96790
AEHF-2 (USA 235)        
1 38254U 12019A   26214.17614277 -.00000129  00000+0  00000+0 0  9996
2 38254   6.7541  57.1309 0002141  78.5384 222.0027  1.00271014  7441
YAOGAN-14               
1 38257U 12021A   26214.65087185  .00006890  00000+0  25150-3 0  9994
2 38257  97.3094 351.0262 0005634  34.0381 326.1220 15.28430829792911
JCSAT-13                
1 38331U 12023A   26214.61679884 -.00000348  00000+0  00000+0 0  9994
2 38331   0.0076 313.6589 0002770 194.6289 148.9633  1.00270410 52009
VINASAT-2               
1 38332U 12023B   26214.61835885 -.00000321  00000+0  00000+0 0  9991
2 38332   0.0413 273.6964 0002222 215.0838 176.8884  1.00272559 47128
GCOM-W1 (SHIZUKU)       
1 38337U 12025A   26214.61206470  .00000389  00000+0  96408-4 0  9995
2 38337  98.2027 154.4657 0001198  83.5333  89.5879 14.57105238755795
ARIRANG-3 (KOMPSAT-3)   
1 38338U 12025B   26214.56488338  .00000357  00000+0  80047-4 0  9992
2 38338  98.1208 171.2332 0004926 344.6282  15.4769 14.62243760758124
SDS-4                   
1 38339U 12025C   26214.55583846  .00000817  00000+0  12652-3 0  9999
2 38339  98.1383 310.7843 0007641 140.3450 219.8319 14.75891489762825
NIMIQ 6                 
1 38342U 12026A   26214.57421168 -.00000166  00000+0  00000+0 0  9992
2 38342   0.0544 258.8612 0002930 234.3928 293.5259  1.00272329 50873
ZHONGXING-2A            
1 38352U 12028A   26213.75628339 -.00000287  00000+0  00000+0 0  9997
2 38352   1.5666  83.2907 0001408  49.8063 187.7804  1.00273684 51753
YAOGAN-15               
1 38354U 12029A   26214.61663791  .00000285  00000+0  84436-3 0  9993
2 38354 100.7313  60.2320 0025183 185.2813 174.8038 13.18387444681560
INTELSAT 19 (IS-19)     
1 38356U 12030A   26214.63129206  .00000000  00000+0  00000+0 0  9993
2 38356   0.0138  72.3308 0002965  69.9167 202.2442  1.00269875 50911
NUSTAR                  
1 38358U 12031A   26214.66668981  .00002702  00000+0  11264-3 0  9996
2 38358   6.0265  45.3773 0006957  78.2020 116.9567 15.09208817  1303
ECHOSTAR 17             
1 38551U 12035A   26214.60120073 -.00000067  00000+0  00000+0 0  9999
2 38551   0.0192  77.5282 0001937  51.0455 291.9496  1.00268323 51525
METEOSAT-10 (MSG-3)     
1 38552U 12035B   26213.80809806  .00000000  00000+0  00000+0 0  9995
2 38552   4.7746  60.7771 0001160  33.8141 146.8616  1.00274607 51318
SES-5                   
1 38652U 12036A   26214.16503061  .00000041  00000+0  00000+0 0  9996
2 38652   0.0483 308.9288 0002271 187.5355 238.6848  1.00271300 44916
EXACTVIEW-1 (ADS-1B)    
1 38709U 12039C   26214.58292744  .00000089  00000+0  57747-4 0  9998
2 38709  98.9822 333.0310 0011491  42.5649 317.6418 14.24996847729312
MKA-PN 1                
1 38711U 12039E   26214.30478259  .00000107  00000+0  65114-4 0  9996
2 38711  98.9763 332.3967 0012030  40.1171 320.0893 14.25441970729412
COSMOS 2481             
1 38733U 12041A   26214.59934436  .00000092  00000+0  59653-3 0  9991
2 38733  82.4715  46.2799 0018543 337.8114  22.2161 12.42435787635515
GONETS-M 3              
1 38734U 12041B   26214.60221234  .00000019  00000+0  64400-4 0  9995
2 38734  82.4729  35.7273 0016125 322.8451  37.1513 12.44904134636441
GONETS-M 4              
1 38736U 12041D   26214.59666892  .00000000  00000+0 -71705-4 0  9995
2 38736  82.4766  41.8023 0024594 313.5143  46.3893 12.43905555628721
INTELSAT 20 (IS-20)     
1 38740U 12043A   26214.60579213 -.00000016  00000+0  00000+0 0  9996
2 38740   0.0190  93.5363 0001275  85.7777  58.4531  1.00272507 51218
HYLAS 2                 
1 38741U 12043B   26214.43753956 -.00000278  00000+0  00000+0 0  9996
2 38741   2.5406  80.4902 0001220 137.6765 189.2610  1.00536505 51238
EXPRESS-MD2             
1 38745U 12044B   26214.43562863  .00024242  43708-5  42754-3 0  9996
2 38745  49.8332 274.1123 1555490 297.6112  47.5304 12.46290981566579
INTELSAT 21 (IS-21)     
1 38749U 12045A   26214.43814623 -.00000277  00000+0  00000+0 0  9994
2 38749   0.0168  90.2594 0002031  64.8048 255.7008  1.00270993 50983
SPOT 6                  
1 38755U 12047A   26214.64155417  .00000445  00000+0  10564-3 0  9991
2 38755  98.2092 281.4000 0001200  96.8426 263.2910 14.58549147739823
SMDC ONE 1.2            
1 38759U 12048B   26214.54684436  .00009595  00000+0  39091-3 0  9994
2 38759  64.6582  26.4030 0085195 161.4880 198.9380 15.21666745123205
CINEMA                  
1 38764U 12048G   26214.60725653  .00030084  00000+0  50393-3 0  9999
2 38764  64.6418 286.7213 0031354 163.1567 197.0623 15.51180182124437
METOP-B                 
1 38771U 12049A   26214.57712107  .00000076  00000+0  54370-4 0  9992
2 38771  98.6475 265.1438 0002029 180.6914 179.4261 14.21450801719854
BEIDOU-2 M6             
1 38775U 12050B   26214.00898299 -.00000019  00000+0  00000+0 0  9997
2 38775  56.5853  61.3803 0012294   3.4479 356.6372  1.86230957 94163
ASTRA 2F                
1 38778U 12051A   26214.59780715  .00000158  00000+0  00000+0 0  9991
2 38778   0.0898 258.9408 0003566 291.6467   3.9767  1.00271527 41609
GSAT-10                 
1 38779U 12051B   26214.60865214 -.00000156  00000+0  00000+0 0  9991
2 38779   0.0529 256.9108 0007218 204.3697 152.0202  1.00269893 50568
VRSS-1                  
1 38782U 12052A   26214.59614986  .00000250  00000+0  39386-4 0  9990
2 38782  97.6195 188.5618 0019394  85.0610 275.2816 14.80092442746473
NAVSTAR 67 (USA 239)    
1 38833U 12053A   26214.18427443  .00000032  00000+0  00000+0 0  9997
2 38833  53.5912 141.7146 0183191  66.5723 295.3461  2.00568275100363
GSAT0103 (GALILEO-FM3)  
1 38857U 12055A   26213.64300615  .00000003  00000+0  00000+0 0  9994
2 38857  55.8326 100.2976 0003133 312.5030  47.5504  1.70473462 85788
SJ-9A                   
1 38860U 12056A   26214.57417409  .00001161  00000+0  13944-3 0  9993
2 38860  97.6749 184.8598 0027064 103.8186 256.6044 14.85567399706476
SJ-9B                   
1 38861U 12056B   26214.47301546  .00001668  00000+0  17169-3 0  9992
2 38861  97.6020 196.9070 0016779  63.7812 296.5130 14.91474963746620
INTELSAT 23 (IS-23)     
1 38867U 12057A   26214.43918624 -.00000277  00000+0  00000+0 0  9994
2 38867   0.0342 289.3108 0000584 234.7149 252.0910  1.00276730 50416
BEIDOU-2 G6             
1 38953U 12059A   26214.60891214 -.00000169  00000+0  00000+0 0  9996
2 38953   4.5336  73.0122 0008276 330.7503 210.7021  1.00271432 50378
LUCH-5B                 
1 38977U 12061A   26213.80489138 -.00000131  00000+0  00000+0 0  9993
2 38977  10.5781  49.4147 0004553 148.8518  25.6066  1.00274405 50068
YAMAL 300K              
1 38978U 12061B   26214.42215836  .00000079  00000+0  00000+0 0  9995
2 38978   0.0302 218.7938 0000653 229.9639 197.1921  1.00272074 50091
STAR ONE C3             
1 38991U 12062A   26214.50610124 -.00000241  00000+0  00000+0 0  9991
2 38991   0.0139  73.7389 0002216  57.6195 286.9396  1.00273748 50220
EUTELSAT 21B            
1 38992U 12062B   26214.52525466  .00000138  00000+0  00000+0 0  9992
2 38992   0.0691 344.4947 0003023 146.8243  30.4614  1.00270632 50295
ECHOSTAR 16             
1 39008U 12065A   26214.43745289 -.00000274  00000+0  00000+0 0  9993
2 39008   0.0197  77.1553 0002065  64.8109 265.0550  1.00270809 50104
YAOGAN-16 01A           
1 39011U 12066A   26214.33301256 -.00000012  00000+0  74469-4 0  9994
2 39011  63.3521 170.6109 0439278  27.4924 334.8613 13.45520583672358
YAOGAN-16 01B           
1 39012U 12066B   26214.26339027 -.00000003  00000+0  83114-4 0  9991
2 39012  63.3526 171.0137 0439454  27.2302 335.1042 13.45517328672302
YAOGAN-16 01C           
1 39013U 12066C   26214.56084351 -.00000173  00000+0 -76715-4 0  9990
2 39013  63.3531 169.7449 0439606  26.7951 335.5067 13.45507892672375
ZHONGXING-12            
1 39017U 12067A   26213.11241186 -.00000201  00000+0  00000+0 0  9996
2 39017   0.0364 101.9605 0002990  22.4496 313.2890  1.00271698 49951
PLEIADES 1B             
1 39019U 12068A   26214.59160662  .00000510  00000+0  11947-3 0  9999
2 39019  98.1927 288.9986 0001260  74.8175 285.3164 14.58544992727614
EUTELSAT 70B            
1 39020U 12069A   26214.60622547 -.00000035  00000+0  00000+0 0  9996
2 39020   0.0638  12.7016 0003442 117.8761 109.3301  1.00271580 49974
YAMAL 402               
1 39022U 12070A   26213.89027813  .00000093  00000+0  00000+0 0  9998
2 39022   1.3760  83.5721 0003652  41.8835 200.4299  1.00271452 49850
GOKTURK 2               
1 39030U 12073A   26214.59986725  .00000405  00000+0  66340-4 0  9995
2 39030  97.6803  49.7028 0001476 109.1904 250.9466 14.75584071731355
SKYNET 5D               
1 39034U 12075A   26214.60267212  .00000107  00000+0  00000+0 0  9991
2 39034   0.0716   8.2281 0003512 133.9180  78.7452  1.00271750 49629
MEXSAT 3                
1 39035U 12075B   26214.59774985 -.00000017  00000+0  00000+0 0  9991
2 39035   0.0159  95.8956 0001146  42.9912 272.7049  1.00267618  7513
COSMOS 2482 (RODNIK-S 4)
1 39057U 13001A   26214.64323663  .00000003  00000+0 -47610-4 0  9992
2 39057  82.4982 191.4598 0026178 284.8759  74.9422 12.42997004614482
COSMOS 2483 (RODNIK-S 5)
1 39058U 13001B   26214.60085708 -.00000039  00000+0 -34821-3 0  9993
2 39058  82.5002 185.9858 0015168 272.6575  87.2769 12.44025774607360
COSMOS 2484 (RODNIK-S 6)
1 39059U 13001C   26214.59080122 -.00000029  00000+0 -28120-3 0  9991
2 39059  82.5014 193.0426 0025045 294.3984  65.4482 12.42940917614322
TDRS 11                 
1 39070U 13004A   26214.58003304  .00000086  00000+0  00000+0 0  9997
2 39070   3.5895  31.9699 0004792  32.9952 280.5986  1.00269669 47154
GLOBALSTAR M097         
1 39072U 13005A   26214.40631721 -.00000091  00000+0  71805-4 0  9994
2 39072  52.0044 102.6403 0000793  64.3544 295.7404 12.62271297622740
GLOBALSTAR M093         
1 39073U 13005B   26214.37962627 -.00000087  00000+0  95337-4 0  9994
2 39073  52.0104  96.0868 0000994  72.0721 288.0255 12.62266603622693
GLOBALSTAR M094         
1 39074U 13005C   26214.45868385 -.00000113  00000+0 -48725-4 0  9990
2 39074  51.9973   9.9156 0001030  94.0516 266.0468 12.62264321624315
GLOBALSTAR M096         
1 39075U 13005D   26214.55135198 -.00000106  00000+0 -11211-4 0  9993
2 39075  52.0078  58.4719 0001033  72.5645 287.5335 12.62275996623247
GLOBALSTAR M078         
1 39076U 13005E   26214.52457556 -.00000077  00000+0  14980-3 0  9997
2 39076  51.9862 142.5004 0001274  23.7200 336.3725 12.62260197621860
GLOBALSTAR M095         
1 39077U 13005F   26214.47203020 -.00000088  00000+0  88390-4 0  9996
2 39077  52.0072 140.3293 0000900  44.9314 315.1625 12.62264098621710
AMAZONAS 3              
1 39078U 13006A   26214.50887458 -.00000274  00000+0  00000+0 0  9999
2 39078   0.0538 239.6596 0003842 284.1396 269.4991  1.00270099 45372
AZERSPACE 1             
1 39079U 13006B   26214.60137212  .00000141  00000+0  00000+0 0  9999
2 39079   0.0290 292.7815 0002270 236.4714  44.4206  1.00272601 49274
LANDSAT 8               
1 39084U 13008A   26214.58297377  .00000266  00000+0  69141-4 0  9997
2 39084  98.2276 284.1606 0001277  92.3662 267.7683 14.57105201704659
SARAL                   
1 39086U 13009A   26214.61709103  .00000063  00000+0  39152-4 0  9993
2 39086  98.5563  40.5989 0002627 128.2640 231.8781 14.32899631702251
SAPPHIRE                
1 39088U 13009C   26214.59184133  .00000068  00000+0  38672-4 0  9993
2 39088  98.4288  32.9523 0012362 109.0343 251.2183 14.35252172703236
NEOSSAT                 
1 39089U 13009D   26214.48114397  .00000110  00000+0  52563-4 0  9990
2 39089  98.4204  33.4194 0012186 106.8727 253.3797 14.35841413703382
STRAND-1                
1 39090U 13009E   26214.42371116  .00000204  00000+0  82851-4 0  9997
2 39090  98.3947  33.5268 0009902  92.7451 267.4870 14.37188335703702
BRITE-AUSTRIA           
1 39091U 13009F   26214.45670309  .00000122  00000+0  55961-4 0  9998
2 39091  98.4022  32.7541 0011404 100.9391 259.3080 14.36559048703691
SBIRS GEO-2 (USA 241)   
1 39120U 13011A   26214.51104126 -.00000279  00000+0  00000+0 0  9993
2 39120   4.5871  52.4914 0001824  72.5280 320.2524  1.00271640 49008
EUTELSAT 117 WEST A     
1 39122U 13012A   26214.59951486 -.00000005  00000+0  00000+0 0  9990
2 39122   0.0094  45.4785 0002902  89.9636 274.7642  1.00271168 48896
ANIK G1                 
1 39127U 13014A   26214.60120073  .00000000  00000+0  00000+0 0  9993
2 39127   0.0122 263.9327 0002132 248.0875 268.3149  1.00269882 48712
GAOFEN-1                
1 39150U 13018A   26214.61943838  .00000568  00000+0  88537-4 0  9991
2 39150  97.9071 285.7374 0018266 114.4896 245.8221 14.76538216715094
NEE-01 PEGASO           
1 39151U 13018B   26214.35189305  .00002567  00000+0  24708-3 0  9994
2 39151  98.1287   0.0493 0012676  18.7388 341.4295 14.93868037717595
COSMOS 2485 [GLONASS-M] 
1 39155U 13019A   26212.95892773  .00000013  00000+0  00000+0 0  9992
2 39155  65.4450  72.1024 0022607 229.0923 130.8002  2.13103459103230
ZHONGXING-11            
1 39157U 13020A   26213.75619672 -.00000283  00000+0  00000+0 0  9990
2 39157   0.0223 333.3509 0002219 121.6486 225.4730  1.00268993 48353
PROBA-V                 
1 39159U 13021A   26214.50690711  .00000049  00000+0  39557-4 0  9993
2 39159  98.3624 190.8356 0004367  14.8656 345.2652 14.23606488687700
VNREDSAT 1              
1 39160U 13021B   26214.60542359  .00000661  00000+0  13205-3 0  9991
2 39160  97.9047 266.2337 0001365  80.0662 280.0696 14.64901736707087
EUTELSAT 7B             
1 39163U 13022A   26214.13447715  .00000055  00000+0  00000+0 0  9995
2 39163   0.0705 338.2457 0002754  77.7441 310.1455  1.00271117 48401
NAVSTAR 68 (USA 242)    
1 39166U 13023A   26213.05530947  .00000018  00000+0  00000+0 0  9998
2 39166  54.4708 267.1433 0141439  51.1163 310.2241  2.00563346 96782
WGS F5 (USA 243)        
1 39168U 13024A   26214.51060793  .00000000  00000+0  00000+0 0  9991
2 39168   0.0193  86.0364 0000396 103.6924 252.6994  1.00268377 47633
SES-6                   
1 39172U 13026A   26214.51286127 -.00000253  00000+0  00000+0 0  9990
2 39172   0.0236 344.0755 0002250 120.1944 350.9824  1.00272114 48194
COSMOS 2486             
1 39177U 13028A   26214.60058226 -.00000098  00000+0 -12387-4 0  9998
2 39177  98.0180 180.2032 0009715 227.6336 132.4041 14.56210982698132
O3B FM5                 
1 39188U 13031A   26214.41458219 -.00000013  00000+0  00000+0 0  9999
2 39188   0.0924 329.5964 0002703 146.9755 243.4553  5.00115652239345
O3B FM4                 
1 39189U 13031B   26213.53456757 -.00000014  00000+0  00000+0 0  9998
2 39189   0.0402 348.4170 0004785 122.6443 248.9890  5.00115856239310
O3B FM2                 
1 39190U 13031C   26214.39958733 -.00000013  00000+0  00000+0 0  9995
2 39190   0.0342 347.2326 0002677 140.2164 232.5749  5.00116081239424
O3B PFM                 
1 39191U 13031D   26214.41370926 -.00000013  00000+0  00000+0 0  9991
2 39191   0.0657 343.0567 0005167 132.9344 244.0616  5.00116041238976
IRIS                    
1 39197U 13033A   26214.49429689  .00000941  00000+0  11359-3 0  9990
2 39197  97.9312  53.6253 0024681 164.1821 196.0170 14.85971636707255
IRNSS-1A                
1 39199U 13034A   26214.17521071  .00000076  00000+0  00000+0 0  9992
2 39199  35.8202  63.2102 0018982 179.5369 186.0863  1.00274979 47838
SJ-11-05                
1 39202U 13035A   26214.63945924  .00000616  00000+0  12422-3 0  9991
2 39202  98.2867  39.7798 0011234  89.1746 271.0744 14.64936809696036
MUOS-2                  
1 39206U 13036A   26214.63338537 -.00000006  00000+0  00000+0 0  9991
2 39206   5.0859  45.5607 0054003 176.0929 129.5957  1.00269951 47655
SHIYAN-7 (SY-7)         
1 39208U 13037A   26214.52444383  .00000490  00000+0  85458-4 0  9990
2 39208  98.0908 217.5464 0007948   9.5327 350.6029 14.72334438699021
CHUANGXIN-3 (CX-3)      
1 39209U 13037B   26214.47493260  .00000842  00000+0  13377-3 0  9994
2 39209  98.0830 220.6205 0004034   7.0103 353.1161 14.74689748699172
SHIJIAN-15 (SJ-15)      
1 39210U 13037C   26214.60470554  .00000581  00000+0  10162-3 0  9991
2 39210  98.1060 217.4152 0006360  13.6587 346.4790 14.71556918701152
ALPHASAT                
1 39215U 13038A   26214.16949068  .00000142  00000+0  00000+0 0  9998
2 39215   2.9997   1.0301 0003015 154.7152 240.9127  1.00272401 44489
INSAT-3D                
1 39216U 13038B   26214.61792552 -.00000331  00000+0  00000+0 0  9994
2 39216   2.0402  81.9409 0000930  94.5976 126.6310  1.00274109 47547
WGS F6 (USA 244)        
1 39222U 13041A   26214.59091295  .00000097  00000+0  00000+0 0  9996
2 39222   0.0202  78.5458 0000134 105.6157 204.5636  1.00271832 46521
ARIRANG-5 (KOMPSAT-5)   
1 39227U 13042A   26214.65532891  .00001589  00000+0  11767-3 0  9994
2 39227  97.6215  40.7037 0003581   3.3936 356.7314 15.04550482710840
ES'HAIL 1               
1 39233U 13044A   26214.59728715  .00000151  00000+0  00000+0 0  9996
2 39233   0.0510 349.1445 0002645 141.3319  61.2177  1.00270866 47091
GSAT-7                  
1 39234U 13044B   26214.60691881 -.00000069  00000+0  00000+0 0  9991
2 39234   0.1940  88.9576 0003514 166.9121 347.8110  1.00272372 45725
AMOS-4                  
1 39237U 13045A   26214.60509880  .00000015  00000+0  00000+0 0  9992
2 39237   0.0238  91.0849 0001795  14.0947 128.8481  1.00271929 47427
YAOGAN-17 01A           
1 39239U 13046A   26214.60543338 -.00000054  00000+0  35706-4 0  9991
2 39239  63.3883 330.4962 0430060  12.1211 348.9777 13.45510017634530
YAOGAN-17 01B           
1 39240U 13046B   26214.57750293 -.00000107  00000+0 -15326-4 0  9995
2 39240  63.3893 331.2026 0430200  11.6463 349.4140 13.45476247634572
YAOGAN-17 01C           
1 39241U 13046C   26214.62398763 -.00000176  00000+0 -81978-4 0  9994
2 39241  63.3890 329.8754 0431022  11.7327 349.3364 13.45482082634621
GONETS-M 5              
1 39249U 13048A   26214.64206808 -.00000014  00000+0 -17241-3 0  9996
2 39249  82.4863 314.4247 0017768 111.8468 248.4503 12.42892889584650
GONETS-M 6              
1 39250U 13048B   26214.60564841  .00000042  00000+0  23038-3 0  9998
2 39250  82.4892 315.3469 0020075 143.0001 217.2467 12.43032168584712
GONETS-M 7              
1 39251U 13048C   26214.60418087  .00000016  00000+0  42941-4 0  9995
2 39251  82.4933 317.3948 0018568 112.9982 247.3058 12.42915712584602
HISAKI (SPRINT-A)       
1 39253U 13049A   26214.60117689  .00000095  00000+0  44395-4 0  9994
2 39253  29.7214 344.0385 0136767  33.0261 327.8768 13.55547817637723
AEHF-3 (USA 246)        
1 39256U 13050A   26214.59490102  .00000035  00000+0  00000+0 0  9995
2 39256   5.4052  66.7480 0089081 187.8421 146.5748  1.00275615 46115
FENGYUN 3C              
1 39260U 13052A   26214.61751250  .00000048  00000+0  45715-4 0  9990
2 39260  98.5021 186.3696 0013477 248.4685 111.5053 14.15764190665130
CASSIOPE                
1 39265U 13055A   26214.55626370  .00021176 -43550-6  22558-3 0  9994
2 39265  80.9151  10.2471 0279948 265.5180  91.4029 15.28141326674748
POPACS 2                
1 39269U 13055E   26214.38767182  .00022073 -79947-6  36047-3 0  9990
2 39269  80.9891  91.2664 0411930  45.5159 317.8961 14.92784159670100
POPACS 3                
1 39270U 13055F   26214.62365546  .00006378  00000+0  15243-3 0  9998
2 39270  81.0021 178.7949 0546681 288.3779  65.8723 14.56974458645317
ASTRA 2E                
1 39285U 13056A   26214.59789382  .00000158  00000+0  00000+0 0  9990
2 39285   0.0814 305.9627 0002384 186.0628  62.8721  1.00270395 46881
SHIJIAN-16 (SJ-16)      
1 39358U 13057A   26214.62066868  .00000250  00000+0  27051-4 0  9996
2 39358  74.9715 268.7345 0015046 118.9554 241.3145 14.92712233693278
FM-6                    
1 39360U 13058A   26214.59951453 -.00000007  00000+0  00000+0 0  9990
2 39360   0.0082  13.8788 0000129 326.2613  70.4873  1.00270651 46532
RADUGA-1M 3             
1 39375U 13062A   26214.17139735  .00000159  00000+0  00000+0 0  9993
2 39375   6.0704  71.7585 0002056 292.3396  43.3436  1.00271219 46563
YAOGAN-19               
1 39410U 13065A   26214.62965072 -.00000506  00000+0 -12296-2 0  9998
2 39410 100.1155 188.9639 0009345 345.8063  14.2787 13.15582571609750
APRIZESAT 7             
1 39416U 13066A   26214.44136636  .00001098  00000+0  11349-3 0  9995
2 39416  97.7735 167.0053 0037158  59.2996 301.1875 14.91661626688121
ZACUBE-1 (TSHEPISOSAT)  
1 39417U 13066B   26214.46262682  .00003844  00000+0  29649-3 0  9992
2 39417  97.7989 177.0189 0043611  96.7302 263.8888 15.01446415687678
SKYSAT-A                
1 39418U 13066C   26214.41742915  .00002992  00000+0  17114-3 0  9997
2 39418  97.3782 262.3405 0022207 150.5554 209.6934 15.13210850695473
DUBAISAT-2              
1 39419U 13066D   26214.57977134  .00002436  00000+0  15160-3 0  9990
2 39419  97.4599 203.5259 0009599 228.0865 131.9547 15.10492181693392
OPTOS                   
1 39420U 13066E   26214.55792326  .00001035  00000+0  15473-3 0  9999
2 39420  97.6752  76.8672 0115229 221.4789 137.7632 14.72422322678341
STSAT-3                 
1 39422U 13066G   26214.65282770  .00002443  00000+0  18594-3 0  9990
2 39422  97.6261 183.7991 0008373 230.0569 129.9921 15.03000335691185
WNISAT-1                
1 39423U 13066H   26214.46372825  .00000780  00000+0  14899-3 0  9997
2 39423  97.7262   0.3494 0164291  86.2207 275.7762 14.58155688673478
APRIZESAT 8             
1 39425U 13066K   26214.41627109  .00000778  00000+0  89758-4 0  9996
2 39425  97.8240 161.2463 0046936 132.4910 228.0288 14.87724193686541
TRITON-1                
1 39427U 13066M   26214.61990078  .00001561  00000+0  19023-3 0  9996
2 39427  97.8200 123.3620 0091267  82.9622 278.1960 14.81867062680969
GOMX-1                  
1 39430U 13066Q   26214.62311356  .00001102  00000+0  17195-3 0  9996
2 39430  97.6453  52.1567 0126937 288.5790  70.1664 14.69582237676738
CUBEBUG-2 (LO-74)       
1 39440U 13066AA  26214.41241670  .00003177  00000+0  29428-3 0  9991
2 39440  97.8928 163.6029 0055638 233.0639 126.5477 14.94071173683898
NEE-02 KRYSAOR          
1 39441U 13066AB  26214.37916918  .00001839  00000+0  20526-3 0  9994
2 39441  97.8898 153.2732 0064208 278.5355  80.8588 14.86805892683061
FUNCUBE-1 (AO-73)       
1 39444U 13066AE  26214.45051894  .00006888  00000+0  42023-3 0  9994
2 39444  97.8316 186.8890 0037407  48.7442 311.6999 15.10078514686640
UWE-3                   
1 39446U 13066AG  26214.39798893  .00002286  00000+0  19779-3 0  9996
2 39446  97.8726 170.8009 0048802 163.9312 196.3471 14.97299443684493
SWARM B                 
1 39451U 13067A   26214.54578232  .00003280  00000+0  11592-3 0  9993
2 39451  87.7478 328.2386 0002342 100.2089 259.9424 15.28830333690329
SWARM A                 
1 39452U 13067B   26214.61011576  .00008311  00000+0  14735-3 0  9997
2 39452  87.3298  38.9802 0003030  85.5999 274.5608 15.50056932713440
SWARM C                 
1 39453U 13067C   26214.61002837  .00008376  00000+0  14851-3 0  9998
2 39453  87.3301  37.5613 0002991  85.7348 274.4254 15.50056030713407
SHIYAN-5 (SY-5)         
1 39455U 13068A   26214.57968932  .00000013  00000+0  15730-4 0  9991
2 39455  98.0653  83.3244 0014396 157.4476 202.7351 14.43699101668323
SES-8                   
1 39460U 13071A   26214.64478433 -.00000261  00000+0  00000+0 0  9996
2 39460   0.0522 262.7045 0002563 224.1122 151.5339  1.00270578 44891
ALICE                   
1 39467U 13072F   26214.49211093  .00008912  00000+0  41095-3 0  9997
2 39467 120.4612 116.4482 0169562  45.3362 316.1391 15.09402027122262
SMDC ONE 2.4            
1 39469U 13072H   26214.48195259  .00016778  00000+0  59828-3 0  9995
2 39469 120.4884 170.9608 0148089  67.5826 294.0862 15.19413265124864
TACSAT 6                
1 39473U 13072M   26214.24213496  .00195598  00000+0  10933-2 0  9999
2 39473 120.4590 327.0794 0038087  94.5413 266.0039 15.77343549126590
SMDC ONE 2.3            
1 39474U 13072N   26214.46667207  .00197622  00000+0  10243-2 0  9991
2 39474 120.4455 330.9721 0035797  89.0422 271.4780 15.79116822124852
INMARSAT 5-F1           
1 39476U 13073A   26214.60466546  .00000035  00000+0  00000+0 0  9991
2 39476   0.0193  76.1461 0000851 105.4743  49.8982  1.00272253 46043
TKSAT-1 (TUPAC KATARI)  
1 39481U 13075A   26214.57499168  .00000000  00000+0  00000+0 0  9993
2 39481   0.0128 270.2819 0002445 213.6439 307.0468  1.00270853 46060
COSMOS 2488 (RODNIK-S 7)
1 39483U 13076A   26214.56434733  .00000086  00000+0  54903-3 0  9991
2 39483  82.4873 139.8053 0019927 358.7818   1.3209 12.42906834571656
COSMOS 2489 (RODNIK-S 8)
1 39484U 13076B   26214.62101916  .00000111  00000+0  73150-3 0  9997
2 39484  82.4910 141.1643 0021751 358.2534   1.8466 12.42880913571714
COSMOS 2490 (RODNIK-S 9)
1 39485U 13076C   26214.59296406  .00000187  00000+0  12808-2 0  9998
2 39485  82.4857 139.2289 0022270  13.6117 346.5559 12.42879972571642
EXPRESS-AM5             
1 39487U 13077A   26214.44914645 -.00000272  00000+0  00000+0 0  9991
2 39487   0.0134 311.9288 0000475 186.1508 114.6833  1.00271955 46824
COSMOS 2493 (SKRL-756 1)
1 39490U 13078A   26214.57748998  .00002043  00000+0  15208-3 0  9993
2 39490  82.4104 215.7931 0014757  88.6813 271.6103 15.02368800684924
