STARLINK-1008           
1 44714U 19074B   26214.44038421  .00026198  00000+0  33327-3 0  9998
2 44714  53.1485 206.1573 0006333  13.3005 346.8174 15.59194749371401
STARLINK-1012           
1 44718U 19074F   26214.49635277  .00029289  00000+0  39020-3 0  9999
2 44718  53.1515 206.1287 0007144  15.2559 344.8668 15.57894801371407
STARLINK-1017           
1 44723U 19074L   26214.27197634  .00041754  00000+0  11945-2 0  9997
2 44723  53.0447 213.6268 0001404  74.3899 285.7258 15.35574846371255
STARLINK-1020           
1 44725U 19074N   26214.44884186  .00076431  00000+0  83680-3 0  9999
2 44725  53.1523 228.1854 0006151   5.0784 355.0292 15.62611339371071
STARLINK-1036           
1 44741U 19074AE  26214.23926521  .00083772  00000+0  43683-3 0  9999
2 44741  53.0393 190.7608 0004179  66.0170 294.1288 15.80202819371569
STARLINK-1039           
1 44744U 19074AH  26214.40970166  .00033284  00000+0  10548-2 0  9991
2 44744  53.0563 259.6233 0002150 329.7705  30.3171 15.32441642370623
STARLINK-1042           
1 44747U 19074AL  26214.12566941  .00049833  00000+0  68595-3 0  9998
2 44747  53.0405 113.2658 0001177  83.1508 276.9637 15.56784228372675
STARLINK-1043           
1 44748U 19074AM  26214.23197905  .00043429  00000+0  37429-3 0  9998
2 44748  53.0458 205.0135 0003922  51.5851 308.5517 15.68851380371376
STARLINK-1046           
1 44751U 19074AQ  26214.66668981  .01109061  00000+0  10361-1 0  9996
2 44751  53.0429 227.2994 0001455  78.5718  62.1902 15.64210896  5953
STARLINK-1047           
1 44752U 19074AR  26214.35182429  .00038034  00000+0  10487-2 0  9991
2 44752  53.0676 183.8334 0001569   1.3568 358.7438 15.36767320371701
STARLINK-1048           
1 44753U 19074AS  26214.15748711  .00063221  00000+0  45106-3 0  9995
2 44753  53.0426 175.2599 0001116 158.1971 201.9095 15.73218071371770
STARLINK-1063           
1 44768U 19074BH  26214.59546219  .00062235  00000+0  89144-3 0  9992
2 44768  53.1511 246.6117 0005839   8.0079 352.1025 15.55599392370868
STARLINK-1067           
1 44771U 19074BL  26214.66668981  .00110471  00000+0  37343-3 0  9995
2 44771  53.0380 199.5302 0007264  46.9129 277.3442 15.89128956  6024
STARLINK-1068           
1 44772U 19074BM  26214.44829148  .00109157  00000+0  44344-3 0  9994
2 44772  53.0365 175.2858 0006037  58.5099 301.6514 15.85408599371797
STARLINK-1114           
1 44927U 20001P   26214.57535297  .00065410  00000+0  41372-3 0  9992
2 44927  53.0389 335.1978 0004337 333.9922  26.0878 15.75981204362914
STARLINK-1123           
1 44930U 20001S   26214.62347915  .00039138  00000+0  38379-3 0  9991
2 44930  53.1401   6.3533 0003759 136.4353 223.6961 15.65708376362508
STARLINK-1094           
1 44941U 20001AD  26214.61003463  .00080753  00000+0  89911-3 0  9996
2 44941  53.1490 343.2621 0001331 206.4911 153.6036 15.62174362362831
STARLINK-1122           
1 44949U 20001AM  26214.62467005  .00083536  00000+0  95001-3 0  9990
2 44949  53.1517 343.8539 0001071 175.2958 184.8067 15.61612182362823
STARLINK-1080           
1 44961U 20001AZ  26214.61637712  .00054554  00000+0  38091-3 0  9991
2 44961  53.0427 295.7801 0003208 345.7408  14.3519 15.73779241363475
STARLINK-1090           
1 44968U 20001BG  26214.62586757  .00068782  00000+0  92556-3 0  9995
2 44968  53.1462 333.1468 0000648 185.8949 174.2056 15.57259249362975
STARLINK-1132           
1 45044U 20006A   26214.47941344  .00036505  00000+0  31607-3 0  9994
2 45044  53.1467 272.0790 0002475  55.5418 304.5833 15.68828029359594
STARLINK-1131           
1 45047U 20006D   26214.57401140  .00071799  00000+0  81016-3 0  9996
2 45047  53.1523 306.1252 0003598 357.6622   2.4375 15.61874086359123
STARLINK-1134           
1 45048U 20006E   26214.35975004  .00033560  00000+0  34108-3 0  9992
2 45048  53.0200 253.9784 0005530 309.1602  50.8920 15.64871795359807
STARLINK-1156           
1 45054U 20006L   26214.57804792  .00044854  00000+0  11193-2 0  9994
2 45054  53.1563 319.4950 0000370 280.2093  79.8870 15.39768513358933
STARLINK-1166           
1 45060U 20006S   26214.61248624  .00048313  00000+0  37917-3 0  9999
2 45060  53.0409 284.3332 0004126   6.6632 353.4439 15.71065433359406
STARLINK-1169           
1 45061U 20006T   26214.54762316  .00048946  00000+0  10687-2 0  9997
2 45061  53.1539 316.7851 0001278  92.7325 267.3828 15.43743714358978
STARLINK-1171           
1 45062U 20006U   26214.49158142  .00091731  00000+0  40435-3 0  9993
2 45062  53.0332 245.5661 0005347  31.3696 328.7644 15.83773273359930
STARLINK-1133           
1 45064U 20006W   26214.48755298  .00042971  00000+0  10773-2 0  9992
2 45064  53.1563 296.7334 0000140  44.2901 315.8115 15.39644967359255
STARLINK-1167           
1 45071U 20006AD  26214.58836918  .00044384  00000+0  10107-2 0  9991
2 45071  53.1540 294.2611 0002857  43.9736 316.1497 15.42532952359293
STARLINK-1168           
1 45072U 20006AE  26214.51667977  .00043932  00000+0  10791-2 0  9999
2 45072  53.1549 296.6235 0000436 326.7486  33.3492 15.40258478359251
STARLINK-1172           
1 45074U 20006AG  26214.50880847  .00046019  00000+0  10112-2 0  9999
2 45074  53.1524 293.5527 0002178  27.3828 332.7293 15.43581786359298
STARLINK-1153           
1 45080U 20006AN  26214.63453410  .00044128  00000+0  10032-2 0  9992
2 45080  53.1551 293.9443 0003107  63.0983 297.0341 15.42584491359302
STARLINK-1185           
1 45087U 20006AV  26214.44684692  .00042162  00000+0  68437-3 0  9995
2 45087  53.1548 271.3198 0002113 343.2929  16.8011 15.52339807359605
STARLINK-1183           
1 45088U 20006AW  26214.38583994  .00047306  00000+0  11900-2 0  9999
2 45088  53.1561 282.0685 0001112 317.9750  42.1169 15.39499675359442
STARLINK-1152           
1 45096U 20006BE  26214.34319417  .00037053  00000+0  53516-3 0  9999
2 45096  53.0283 230.4373 0004992 359.4130   0.6873 15.55604638360138
STARLINK-1184           
1 45098U 20006BG  26214.53266083  .00022142  00000+0  11282-2 0  9998
2 45098  53.0528 303.3956 0001988 230.4782 129.6036 15.16722181359123
STARLINK-1193           
1 45100U 20006BJ  26214.56870562  .00046232  00000+0  32103-3 0  9990
2 45100  53.0420 233.7103 0005282  76.5504 283.6102 15.73967819360107
STARLINK-1202           
1 45183U 20012F   26214.01459395  .00044197  00000+0  11264-2 0  9997
2 45183  53.1534  80.6486 0003285  82.2320 277.9057 15.39128280357259
STARLINK-1216           
1 45185U 20012H   26214.00764963  .00017430  00000+0  38915-3 0  9991
2 45185  53.1549  79.9824 0000926  86.9882 273.1231 15.43656841357208
STARLINK-1225           
1 45187U 20012K   26213.91197619  .00033711  00000+0  84815-3 0  9990
2 45187  53.1539  81.2845 0004294  96.2450 263.9043 15.39645456357220
STARLINK-1230           
1 45189U 20012M   26213.92815703  .00050165  00000+0  12589-2 0  9994
2 45189  53.1522  81.3330 0003522  93.7237 266.4170 15.39541616354456
STARLINK-1234           
1 45190U 20012N   26214.66668981  .00194566  25100-4  60205-3 0  9998
2 45190  53.0313 318.7477 0008436 340.6634  32.8778 15.91291674  6039
STARLINK-1269           
1 45197U 20012V   26214.63659356  .00029687  00000+0  75138-3 0  9997
2 45197  53.1530  77.8305 0002444 116.1719 243.9537 15.39532366357310
STARLINK-1154           
1 45198U 20012W   26213.86514119  .00047356  00000+0  41816-3 0  9998
2 45198  53.0408  24.2529 0002328 144.0064 216.1109 15.68224543357934
STARLINK-1199           
1 45201U 20012Z   26214.60821839  .00045793  00000+0  11493-2 0  9996
2 45201  53.1528  62.2379 0004081 103.3344 256.8116 15.39578713357551
STARLINK-1209           
1 45206U 20012AE  26214.61518967  .00071726  00000+0  42340-3 0  9998
2 45206  53.0335 338.0632 0004672 332.3633  27.7138 15.77507738357750
STARLINK-1231           
1 45212U 20012AL  26214.02411433  .00033610  00000+0  11065-2 0  9999
2 45212  53.0360  62.5960 0002290 166.9660 193.1400 15.31211720357420
STARLINK-1271           
1 45217U 20012AR  26214.01424490  .00048885  00000+0  12161-2 0  9998
2 45217  53.1535  65.0817 0004296 109.7026 250.4443 15.39818094357461
STARLINK-1191           
1 45222U 20012AW  26214.48756398  .00048608  00000+0  10345-2 0  9995
2 45222  53.1525  34.1292 0002036  51.2551 308.8638 15.44504102357949
STARLINK-1212           
1 45223U 20012AX  26214.65179167  .00077079  00000+0  48486-3 0  9990
2 45223  53.0403 353.7271 0003750 322.1991  37.8764 15.76044035358492
STARLINK-1215           
1 45225U 20012AZ  26213.81497850  .00054912  00000+0  13646-2 0  9991
2 45225  53.1535  40.2419 0002946 103.5482 256.5852 15.39802584357751
STARLINK-1221           
1 45227U 20012BB  26214.51125073  .00050898  00000+0  97325-3 0  9992
2 45227  53.0633 295.9561 0002601  70.5244 289.6044 15.47605021359247
STARLINK-1222           
1 45228U 20012BC  26214.38964954  .00036063  00000+0  42611-3 0  9993
2 45228  53.0528 359.1796 0001404   5.7815 354.3214 15.60981041358284
STARLINK-1226           
1 45229U 20012BD  26213.89216036  .00063126  00000+0  11000-2 0  9997
2 45229  53.1529  32.1599 0002380  96.7959 263.3321 15.50168398357816
STARLINK-1227           
1 45230U 20012BE  26214.54391042  .00058854  00000+0  10227-2 0  9995
2 45230  53.1518  29.1061 0002044  80.6956 279.4284 15.50280414358037
STARLINK-1246           
1 45235U 20012BK  26213.92303970  .00050569  00000+0  12605-2 0  9991
2 45235  53.1524  80.7532 0004035  64.7346 295.4077 15.39742945357264
STARLINK-1270           
1 45237U 20012BM  26213.90279066  .00079335  00000+0  52780-3 0  9990
2 45237  53.0398 359.5561 0002947 312.4682  47.6087 15.74750037358347
STARLINK-1279           
1 45360U 20019A   26214.66668981  .00222184  30004-4  60499-3 0  9996
2 45360  53.0282  92.9071 0002458 202.6850 233.1525 15.93755119  5989
STARLINK-1301           
1 45361U 20019B   26214.66668981  .00230923  32167-4  55774-3 0  9999
2 45361  53.0265  94.5392 0002919 175.5954 147.6403 15.95972860  5980
STARLINK-1262           
1 45366U 20019G   26214.25608754  .00045795  00000+0  11856-2 0  9990
2 45366  53.1507 206.0362 0003258  10.3588 349.7483 15.38630587352081
STARLINK-1273           
1 45367U 20019H   26214.26323312  .00081762  00000+0  81250-3 0  9996
2 45367  53.0396 171.1992 0002950  57.2073 302.9225 15.65060314352546
STARLINK-1276           
1 45368U 20019J   26214.33671025  .00016347  00000+0  83549-3 0  9992
2 45368  53.0700 225.6161 0001523  41.7348 318.3762 15.16814542351796
STARLINK-1277           
1 45369U 20019K   26214.11276472  .00075974  00000+0  54389-3 0  9997
2 45369  53.0385 162.5746 0003414  72.9614 287.1778 15.73059535352659
STARLINK-1281           
1 45370U 20019L   26214.17289346  .00023459  00000+0  59574-3 0  9991
2 45370  53.1543 205.7476 0002603 354.0378   6.0595 15.39562681352083
STARLINK-1300           
1 45374U 20019Q   26214.35687838  .00045278  00000+0  11103-2 0  9991
2 45374  53.1542 204.5408 0002553  13.7314 346.3760 15.40293980352114
STARLINK-1302           
1 45375U 20019R   26214.14403026  .00064055  00000+0  46088-3 0  9999
2 45375  53.0429 158.1996 0000247  96.6648 263.4398 15.73014715352717
STARLINK-1304           
1 45376U 20019S   26214.55030353  .00043436  00000+0  37720-3 0  9997
2 45376  53.0386 159.2102 0001597  47.5760 312.5390 15.68672361352731
STARLINK-1305           
1 45377U 20019T   26214.17460689  .00110277  00000+0  59276-3 0  9993
2 45377  53.0362 135.7840 0006527  83.5141 276.6623 15.79408023353032
STARLINK-1319           
1 45379U 20019V   26214.66668981  .00122241  00000+0  40853-3 0  9999
2 45379  53.0310 121.8672 0002594 137.7201  52.4440 15.89350170  5924
STARLINK-1266           
1 45383U 20019Z   26214.09602845  .00060272  00000+0  46998-3 0  9999
2 45383  53.0424 145.4112 0004445  77.1569 282.9945 15.71125186352885
STARLINK-1267           
1 45384U 20019AA  26214.26212884  .00096132  00000+0  58835-3 0  9996
2 45384  53.0424 134.4180 0005405  73.5134 286.6479 15.76569917353056
STARLINK-1272           
1 45386U 20019AC  26214.11188451  .00113233  00000+0  52423-3 0  9993
2 45386  53.0358 111.9286 0002194 156.3799 203.7324 15.82662768353357
STARLINK-1274           
1 45387U 20019AD  26214.02254082  .00101125  00000+0  70930-3 0  9998
2 45387  53.0137 115.2626 0002859  29.5458 330.5720 15.73421523353293
STARLINK-1280           
1 45388U 20019AE  26214.44033398  .00351472  65290-4  58484-3 0  9999
2 45388  53.0271 112.2129 0003377 186.5961 173.5026 16.02451729353363
STARLINK-1283           
1 45389U 20019AF  26214.43353800  .00084476  00000+0  45680-3 0  9996
2 45389  53.0331 109.9906 0002903  80.1695 279.9653 15.79406000353412
STARLINK-1284           
1 45390U 20019AG  26214.20104623  .00074989  00000+0  44954-3 0  9991
2 45390  53.0403 135.8349 0004371 130.7948 229.3452 15.77144588353028
STARLINK-1297           
1 45395U 20019AM  26214.58766656  .00092479  00000+0  46729-3 0  9993
2 45395  53.0376 132.1075 0002907 113.4383 246.6944 15.80856478352290
STARLINK-1307           
1 45397U 20019AP  26214.09044632  .00038922  00000+0  46672-3 0  9994
2 45397  53.0506 147.3827 0002385  60.3928 299.7322 15.60558084352687
STARLINK-1255           
1 45399U 20019AR  26214.42069424  .00052896  00000+0  41329-3 0  9999
2 45399  53.0308 109.5354 0000784  37.1985 322.9086 15.71140909353222
STARLINK-1260           
1 45404U 20019AW  26214.29392469  .00051049  00000+0  11407-2 0  9991
2 45404  53.1525 166.6004 0001277  30.3537 329.7543 15.43037996352359
STARLINK-1263           
1 45405U 20019AX  26214.30767348  .00047204  00000+0  11732-2 0  9995
2 45405  53.1543 168.9904 0003484  27.7170 332.4020 15.39865565352323
STARLINK-1265           
1 45406U 20019AY  26214.59537447  .00048956  00000+0  10766-2 0  9993
2 45406  53.1534 164.9975 0003016  67.8918 292.2408 15.43529709352408
STARLINK-1278           
1 45408U 20019BA  26214.66668981  .00096879  00000+0  45896-3 0  9991
2 45408  53.0352 130.1567 0002406 129.7524  40.5616 15.82232889  6024
STARLINK-1296           
1 45412U 20019BE  26214.24069960  .00023608  00000+0  52431-3 0  9995
2 45412  53.1524 166.3072 0001974  49.3140 310.8037 15.43606041352355
STARLINK-1309           
1 45414U 20019BG  26214.46057952  .00078783  00000+0  41670-3 0  9996
2 45414  53.0560 125.9269 0002847 123.9014 236.2278 15.79920821352895
STARLINK-1316           
1 45415U 20019BH  26214.58667524  .00045992  00000+0  99790-3 0  9994
2 45415  53.1527 164.4701 0001426  38.6641 321.4467 15.43958891352435
STARLINK-1286           
1 45417U 20019BK  26214.08723303  .00078417  00000+0  61672-3 0  9995
2 45417  53.0423 142.2694 0006023  84.6063 275.5641 15.70804011352924
STARLINK-1308           
1 45419U 20019BM  26214.13665669  .00052844  00000+0  41074-3 0  9993
2 45419  53.0436 160.9677 0003169 175.8332 184.2712 15.71261688352415
STARLINK-1329           
1 45531U 20025A   26214.01059105  .00113730  00000+0  54723-3 0  9991
2 45531  53.0366  81.7155 0001200  87.1138 273.0021 15.81835128348294
STARLINK-1338           
1 45532U 20025B   26213.97806151  .00078277  00000+0  45424-3 0  9991
2 45532  53.0405  90.0810 0001821 168.6637 191.4424 15.77867921348176
STARLINK-1350           
1 45535U 20025E   26213.95054929  .00011848  00000+0  29092-3 0  9994
2 45535  53.0692  68.8451 0001373 131.2084 228.9039 15.41136719348516
STARLINK-1362           
1 45538U 20025H   26214.62159642  .00035833  00000+0  82621-3 0  9997
2 45538  53.1541 137.3203 0005203  52.8622 307.2858 15.42251696347604
STARLINK-1368           
1 45540U 20025K   26214.17337668  .00036487  00000+0  83504-3 0  9993
2 45540  53.1538 139.7191 0003937  50.6582 309.4772 15.42471649347520
STARLINK-1371           
1 45542U 20025M   26213.94687529  .00061926  00000+0  42255-3 0  9997
2 45542  53.0398 101.3498 0002039 142.6453 217.4707 15.74265256348012
STARLINK-1372           
1 45543U 20025N   26214.50520973  .00049151  00000+0  11033-2 0  9995
2 45543  53.1549 137.4767 0003843  44.1293 316.0019 15.42915300346683
STARLINK-1373           
1 45544U 20025P   26214.39591615  .00069821  00000+0  43389-3 0  9990
2 45544  53.0395  93.4638 0002285 158.3326 201.7790 15.76365804348160
STARLINK-1327           
1 45555U 20025AA  26214.02720595  .00059564  00000+0  33597-3 0  9996
2 45555  53.0369  72.0879 0001129 183.1241 176.9772 15.78611747348425
STARLINK-1356           
1 45564U 20025AK  26214.64974416  .00048468  00000+0  39632-3 0  9994
2 45564  53.0399  84.7050 0002949 113.8431 246.2895 15.70082588348302
STARLINK-1357           
1 45565U 20025AL  26214.49845859  .00069019  00000+0  42860-3 0  9998
2 45565  53.0396  40.0688 0003513 304.1566  55.9120 15.76382426348928
STARLINK-1361           
1 45567U 20025AN  26214.61690246  .00062654  00000+0  42269-3 0  9993
2 45567  53.0385  82.0992 0001481 171.1626 188.9418 15.74524957348341
STARLINK-1376           
1 45570U 20025AR  26214.14173666  .00055511  00000+0  12203-2 0  9995
2 45570  53.1537 115.4146 0001826  76.6528 283.4682 15.43486764347869
STARLINK-1321           
1 45573U 20025AU  26213.97358030  .00084102  00000+0  55421-3 0  9996
2 45573  53.0378  68.9878 0000961 225.4640 134.6300 15.74950075348169
STARLINK-1331           
1 45578U 20025AZ  26214.66668981 -.00027352  00000+0 -17848-3 0  9994
2 45578  53.0425  72.5681 0001359 187.2096 321.4840 15.74764493  5995
STARLINK-1333           
1 45580U 20025BB  26214.42868930  .00046373  00000+0  11338-2 0  9996
2 45580  53.1531 116.7775 0003307  64.3661 295.7685 15.40370947347876
STARLINK-1335           
1 45581U 20025BC  26214.01015984  .00050786  00000+0  11767-2 0  9994
2 45581  53.1508 114.8140 0002550  31.1762 328.9395 15.41956747347853
STARLINK-1337           
1 45582U 20025BD  26214.58300029  .00102252  00000+0  44355-3 0  9990
2 45582  53.0389  58.8554 0001867 260.7127  99.3684 15.84085846348650
STARLINK-1347           
1 45586U 20025BH  26213.81109126  .00075309  00000+0  49369-3 0  9996
2 45586  53.0360  36.0883 0000967 304.6803  55.4124 15.75113777348900
STARLINK-1364           
1 45589U 20025BL  26214.29957141  .00067404  00000+0  42764-3 0  9999
2 45589  53.0366  70.0684 0002332 129.3653 230.7573 15.75906846348474
STARLINK-1365           
1 45590U 20025BM  26214.12325398  .00057681  00000+0  46586-3 0  9998
2 45590  53.0421 107.5327 0002064 122.4463 237.6754 15.70309217347956
STARLINK-1443           
1 45660U 20035D   26214.08307064  .00045661  00000+0  12550-2 0  9990
2 45660  53.1312 108.2193 0002051 118.4017 241.7194 15.36784502341032
STARLINK-1446           
1 45663U 20035G   26214.45999304  .00033749  00000+0  57760-3 0  9995
2 45663  53.0212  22.9506 0002249  44.4456 315.6732 15.50957326342231
STARLINK-1448           
1 45665U 20035J   26214.60796769  .00101031  00000+0  50900-3 0  9993
2 45665  53.0377  54.7367 0002516 248.5377 111.5376 15.80886203341794
STARLINK-1451           
1 45668U 20035M   26214.02872914  .00026072  00000+0  13262-2 0  9999
2 45668  53.0505 126.4271 0002513  63.1385 296.9865 15.16686668340756
STARLINK-1452           
1 45669U 20035N   26214.53107659  .00042973  00000+0  40571-3 0  9995
2 45669  53.0211  34.9898 0004835 134.5056 225.6355 15.66605312342078
STARLINK-1453           
1 45670U 20035P   26214.61259603  .00120043  00000+0  56161-3 0  9990
2 45670  53.0349  14.6663 0005094 298.8412  61.2098 15.82400970342254
STARLINK-1454           
1 45671U 20035Q   26213.97353601  .00090110  00000+0  49562-3 0  9990
2 45671  53.0402  59.8116 0001941 245.3359 114.7459 15.79006873341662
STARLINK-1456           
1 45673U 20035S   26214.04935287  .00046094  00000+0  31506-3 0  9998
2 45673  53.0397  55.2571 0001633 231.1824 128.9048 15.74349901341758
STARLINK-1458           
1 45675U 20035U   26214.58641392  .00057139  00000+0  45616-3 0  9999
2 45675  53.0416  70.2004 0000525 194.5710 165.5292 15.70593225341557
STARLINK-1460           
1 45676U 20035V   26214.41199168  .00045396  00000+0  11184-2 0  9995
2 45676  53.1546 104.1293 0003675  96.4158 263.7265 15.40146892341085
STARLINK-1392           
1 45677U 20035W   26214.11070910  .00055199  00000+0  12026-2 0  9994
2 45677  53.1495 102.7920 0004319  85.1792 274.9708 15.43750359341117
STARLINK-1394           
1 45679U 20035Y   26213.96773462  .00054833  00000+0  40240-3 0  9994
2 45679  53.0376  46.4257 0002468 220.0492 140.0344 15.72611887341868
STARLINK-1402           
1 45685U 20035AE  26214.53403827  .00051570  00000+0  43020-3 0  9994
2 45685  53.0394  36.4922 0001139 291.0331  69.0563 15.69575963342063
STARLINK-1404           
1 45686U 20035AF  26214.33544016  .00057530  00000+0  10045-2 0  9991
2 45686  53.1532  80.9368 0002896  67.6276 292.5040 15.50150830341449
STARLINK-1413           
1 45689U 20035AJ  26214.06912497  .00050811  00000+0  12696-2 0  9995
2 45689  53.1542  90.4758 0003657  83.3581 276.7840 15.39669372341201
STARLINK-1417           
1 45693U 20035AN  26214.09810235  .00029922  00000+0  14064-2 0  9990
2 45693  53.0465 111.7476 0002216  10.6142 349.4899 15.19372930340951
STARLINK-1420           
1 45695U 20035AQ  26214.66668981 -.00008900  00000+0 -47972-4 0  9995
2 45695  53.0417  24.5341 0003012 298.6496  60.6533 15.77803672  6005
STARLINK-1422           
1 45696U 20035AR  26214.08857968  .00053312  00000+0  12468-2 0  9992
2 45696  53.1525  89.7979 0001784 176.4253 183.6766 15.41654920341293
STARLINK-1351           
1 45697U 20035AS  26213.88212516  .00057931  00000+0  43309-3 0  9994
2 45697  53.0408  30.5497 0002212 327.3806  32.7074 15.72151785342089
STARLINK-1400           
1 45700U 20035AV  26214.60365191  .00073065  00000+0  43142-3 0  9999
2 45700  53.0420  28.1611 0002215 279.5071  80.5699 15.77504339342170
STARLINK-1403           
1 45701U 20035AW  26214.06168283  .00039343  00000+0  10259-2 0  9996
2 45701  53.1521  78.4482 0003364  87.0757 273.0632 15.38478597341445
STARLINK-1407           
1 45703U 20035AY  26214.66668981  .00157888  00000+0  66137-3 0  9996
2 45703  53.0246 311.6055 0004680 305.4965 357.4507 15.84620998  6023
STARLINK-1423           
1 45710U 20035BF  26213.84376847  .00214235  00000+0  13289-2 0  9999
2 45710  53.0415  28.4662 0003777 275.5097  84.5491 15.75872435342090
STARLINK-1433           
1 45711U 20035BG  26214.62964479  .00099992  00000+0  46562-3 0  9993
2 45711  53.0406  21.3943 0003701 298.8401  61.2249 15.82584203342262
STARLINK-1434           
1 45712U 20035BH  26214.08573569  .00051363  00000+0  13140-2 0  9995
2 45712  53.0474  60.0936 0002018 171.3887 188.7151 15.38944343341692
STARLINK-1465           
1 45731U 20038B   26214.57185098  .00079965  00000+0  52444-3 0  9998
2 45731  53.0404 229.4017 0004219  18.3951 341.7220 15.75071557339193
STARLINK-1471           
1 45735U 20038F   26214.10500357  .00088470  00000+0  11485-2 0  9990
2 45735  53.0430 161.2095 0002187  59.8817 300.2411 15.58106127340128
STARLINK-1480           
1 45741U 20038M   26214.29294096  .00050314  00000+0  39509-3 0  9991
2 45741  53.0443 225.8686 0000655  87.4600 272.6492 15.71042653339236
STARLINK-1500           
1 45744U 20038Q   26214.32904640  .00021624  00000+0  50974-3 0  9992
2 45744  53.0327 225.7878 0003862  25.2486 334.8707 15.41869270339236
STARLINK-1504           
1 45746U 20038S   26214.55780858  .00036833  00000+0  40260-3 0  9997
2 45746  53.0183 153.2902 0002422  47.7124 312.4094 15.62984484340253
STARLINK-1506           
1 45747U 20038T   26214.51481681  .00040462  00000+0  13697-2 0  9992
2 45747  53.0718 245.9027 0003891  21.3747 338.7414 15.30219526338982
STARLINK-1464           
1 45751U 20038X   26214.43694682  .00068713  00000+0  89106-3 0  9993
2 45751  53.0436 223.2401 0000872 112.7957 247.3146 15.58245711339289
STARLINK-1477           
1 45754U 20038AA  26214.52590791  .00024798  00000+0  10911-2 0  9994
2 45754  53.0402 266.3035 0002280  20.8433 339.2655 15.21740346338682
STARLINK-1478           
1 45755U 20038AB  26214.27022291  .00077518  00000+0  44872-3 0  9994
2 45755  53.0409 201.5730 0004577  57.6040 302.5423 15.77916882339550
STARLINK-1493           
1 45759U 20038AF  26214.49259163  .00050625  00000+0  40124-3 0  9998
2 45759  53.0430 212.4725 0001856 132.6766 227.4408 15.70816786339428
STARLINK-1502           
1 45764U 20038AL  26214.26959883  .00050800  00000+0  41628-3 0  9990
2 45764  53.0403 217.8674 0004499  51.0869 309.0548 15.70004402339347
STARLINK-1470           
1 45772U 20038AU  26214.29566773  .00017626  00000+0  45188-3 0  9998
2 45772  53.0392 212.2999 0001765  59.4517 300.6661 15.39463961339423
STARLINK-1482           
1 45773U 20038AV  26214.33538052  .00045084  00000+0  10247-2 0  9999
2 45773  53.1532 228.1238 0001688  53.9023 306.2139 15.42584769339233
STARLINK-1496           
1 45780U 20038BC  26214.61994709  .00074544  00000+0  46723-3 0  9995
2 45780  53.0410 184.4114 0006371  60.7170 299.4485 15.76122436339823
STARLINK-1513           
1 45786U 20038BJ  26214.42527960  .00032668  00000+0  10261-2 0  9999
2 45786  53.1568 232.9936 0002430  65.0546 295.0708 15.32736743339174
STARLINK-1522           
1 46027U 20055A   26214.20375842  .00021868  00000+0  11606-2 0  9997
2 46027  53.0619 187.3605 0001774  83.0999 277.0196 15.15290264330904
STARLINK-1523           
1 46028U 20055B   26214.16017063  .00043773  00000+0  13016-2 0  9997
2 46028  53.1582 170.1577 0004843  65.7562 294.3946 15.34331321331183
STARLINK-1526           
1 46029U 20055C   26214.12174211  .00002129  00000+0  80352-4 0  9992
2 46029  53.1609 170.6903 0001414  89.5941 270.5222 15.31697628331161
STARLINK-1555           
1 46032U 20055F   26214.66668981  .00033351  00000+0  10819-2 0  9997
2 46032  53.1579 168.1641 0001157  97.6396 106.1856 15.31694893  5829
STARLINK-1556           
1 46033U 20055G   26214.61112056  .00001789  00000+0  69385-4 0  9994
2 46033  53.1603 168.4144 0001166  85.7910 274.3225 15.31701167331215
STARLINK-1557           
1 46034U 20055H   26214.16369973  .00000934  00000+0  41853-4 0  9998
2 46034  53.1605 170.5596 0001281  84.5172 275.5976 15.31693762331147
STARLINK-1558           
1 46035U 20055J   26214.66668981  .00033075  00000+0  10731-2 0  9996
2 46035  53.1576 168.2895 0001200 103.0882  74.9365 15.31692782  5880
STARLINK-1560           
1 46036U 20055K   26214.28954712  .00004438  00000+0  15478-3 0  9990
2 46036  53.1598 169.9994 0001297  89.2591 270.8559 15.31682425331192
STARLINK-1569           
1 46039U 20055N   26214.29884854  .00002538  00000+0  93513-4 0  9999
2 46039  53.1584 169.8654 0001239  93.1290 266.9853 15.31702838331181
STARLINK-1582           
1 46043U 20055S   26214.17690796  .00003906  00000+0  13756-3 0  9991
2 46043  53.1572 169.7384 0001144  99.1998 260.9133 15.31700417331173
STARLINK-1591           
1 46045U 20055U   26214.26623242 -.00000380  00000+0 -46662-6 0  9995
2 46045  53.1607 170.0187 0001427 100.5622 259.5541 15.31687636331168
STARLINK-1524           
1 46047U 20055W   26214.53774080  .00002937  00000+0  10635-3 0  9990
2 46047  53.1583 155.3574 0001301  96.1368 263.9781 15.31701644331416
STARLINK-1527           
1 46048U 20055X   26214.14157481  .00004032  00000+0  14161-3 0  9994
2 46048  53.1568 157.1814 0001305  96.9308 263.1842 15.31702297331328
STARLINK-1540           
1 46051U 20055AA  26214.12762105  .00003421  00000+0  12194-3 0  9996
2 46051  53.1576 157.4580 0001192  74.7513 285.3621 15.31701172331366
STARLINK-1543           
1 46053U 20055AC  26214.16487574  .00000010  00000+0  12080-4 0  9992
2 46053  53.1597 157.0927 0001324  83.1702 276.9450 15.31693552331361
STARLINK-1548           
1 46054U 20055AD  26214.57037086  .00001594  00000+0  63115-4 0  9990
2 46054  53.1597 155.2795 0001386  79.0455 281.0702 15.31700880331429
STARLINK-1554           
1 46055U 20055AE  26214.16021552  .00002039  00000+0  77471-4 0  9992
2 46055  53.1599 157.1321 0001252  88.2914 271.8231 15.31697302331363
STARLINK-1564           
1 46058U 20055AH  26214.12811895  .00002155  00000+0  81198-4 0  9998
2 46058  53.1601 158.7075 0001130  77.0637 283.0491 15.31697492331336
STARLINK-1570           
1 46059U 20055AJ  26214.12292024  .00003778  00000+0  13343-3 0  9994
2 46059  53.1579 157.1861 0001111  67.6805 292.4315 15.31703563331312
STARLINK-1572           
1 46060U 20055AK  26214.57714234  .00004230  00000+0  15481-3 0  9996
2 46060  53.1614 156.4812 0001439  75.3594 284.7567 15.30215471331370
STARLINK-1573           
1 46061U 20055AL  26214.23942723  .00000714  00000+0  34777-4 0  9999
2 46061  53.1608 156.6132 0001491  95.9220 264.1952 15.31696569331375
STARLINK-1577           
1 46063U 20055AN  26214.13689504  .00002558  00000+0  94180-4 0  9997
2 46063  53.1572 157.0836 0001317  88.9821 271.1331 15.31699706331352
STARLINK-1583           
1 46064U 20055AP  26214.54244772  .00006709  00000+0  22776-3 0  9990
2 46064  53.1582 155.7000 0001300  91.9507 268.1643 15.31700097331403
STARLINK-1525           
1 46066U 20055AR  26214.50190473  .00128437  00000+0  22045-2 0  9997
2 46066  53.0475 129.9657 0001648 116.9667 243.1509 15.50256801331736
STARLINK-1536           
1 46070U 20055AV  26214.08699066  .00003133  00000+0  11268-3 0  9998
2 46070  53.1599 145.2016 0001402 100.5975 259.5184 15.31696520331519
STARLINK-1542           
1 46073U 20055AY  26214.11135721  .00003687  00000+0  13052-3 0  9995
2 46073  53.1577 148.0600 0001169  98.3944 261.7190 15.31700720331462
STARLINK-1549           
1 46074U 20055AZ  26214.07816247  .00048195  00000+0  13628-2 0  9991
2 46074  53.0484 144.0921 0002476 103.7105 256.4173 15.35872194331497
STARLINK-1551           
1 46075U 20055BA  26214.07799016  .00003389  00000+0  12090-3 0  9995
2 46075  53.1597 145.1842 0001210  85.9432 274.1708 15.31703659331505
STARLINK-1552           
1 46076U 20055BB  26214.52070144  .00004297  00000+0  15013-3 0  9997
2 46076  53.1592 142.7046 0001146  99.9898 260.1233 15.31703786331564
STARLINK-1559           
1 46077U 20055BC  26214.44289724  .00053872  00000+0  11801-2 0  9998
2 46077  53.0201 108.0678 0003472 104.3088 255.8302 15.43598910331992
STARLINK-1566           
1 46079U 20055BE  26214.52534616  .00003635  00000+0  12885-3 0  9998
2 46079  53.1593 142.5370 0001387  91.5053 268.6107 15.31698461331582
STARLINK-1568           
1 46080U 20055BF  26214.54384157  .00041977  00000+0  53267-3 0  9995
2 46080  53.0558  50.3928 0001975 200.9357 159.1575 15.59032909332858
STARLINK-1578           
1 46082U 20055BH  26214.52973663  .00003317  00000+0  11863-3 0  9993
2 46082  53.1596 143.0351 0001479  90.6993 269.4178 15.31696934331578
STARLINK-1579           
1 46083U 20055BJ  26214.51604204  .00003880  00000+0  13672-3 0  9990
2 46083  53.1608 142.6311 0001271 106.9800 253.1341 15.31699066331573
STARLINK-1623           
1 46129U 20057N   26214.66668981  .00329127  54876-4  74780-3 0  9998
2 46129  53.0297 252.4274 0009127   8.8594  71.4953 15.96938074  5870
STARLINK-1596           
1 46141U 20057AA  26214.40507104  .00061168  00000+0  52494-3 0  9994
2 46141  53.0292 244.0948 0003956 355.7297   4.3684 15.68808281329973
STARLINK-1597           
1 46142U 20057AB  26214.66668981  .00340000  56189-4  89289-3 0  9995
2 46142  53.0323 292.6530 0011661 345.7063 357.1900 15.94217324  6026
STARLINK-1608           
1 46146U 20057AF  26214.64844516  .00055615  00000+0  13109-2 0  9995
2 46146  53.1579 346.6472 0001610 180.7047 179.3957 15.41400473328597
STARLINK-1595           
1 46159U 20057AU  26214.66668981  .00287885  41203-4  98197-3 0  9993
2 46159  53.0332 296.6660 0009007 341.0969 291.2279 15.89265607  5967
STARLINK-1598           
1 46160U 20057AV  26214.66668981  .00214476  00000+0  83148-3 0  9996
2 46160  53.0382 283.4220 0010217   5.5643 135.0663 15.86009912  5858
STARLINK-1626           
1 46167U 20057BC  26214.66668981  .00328760  53509-4  83703-3 0  9999
2 46167  53.0320 290.7284 0012614 350.0421 160.7826 15.94778235  6029
STARLINK-1640           
1 46173U 20057BJ  26214.66668981  .00307447  45792-4  10151-2 0  9996
2 46173  53.0332 297.6052 0009664 341.9047 128.7769 15.89883341  6010
STARLINK-1641           
1 46174U 20057BK  26214.66668981  .00176145  00000+0  12686-2 0  9999
2 46174  53.0430 294.5265 0007747 350.3257  96.0115 15.72500495  5984
STARLINK-1695           
1 46329U 20062E   26214.66668981  .00339946  57401-4  79996-3 0  9997
2 46329  53.0347 333.5167 0013048 331.4181  91.9938 15.96210597  6036
STARLINK-1762           
1 46342U 20062T   26213.86635427  .00056297  00000+0  12378-2 0  9995
2 46342  53.1525  50.2046 0002086  68.1367 291.9861 15.43474904326712
STARLINK-1553           
1 46348U 20062Z   26214.54295525  .00024738  00000+0  53411-3 0  9997
2 46348  53.0362 336.8191 0001699 274.5990  85.4821 15.44413274327777
STARLINK-1646           
1 46351U 20062AC  26214.56023949  .00701700  26557-3  82231-3 0  9994
2 46351  53.0270 328.3799 0012069 326.9352  33.0925 16.07966271327893
STARLINK-1653           
1 46352U 20062AD  26214.64496888  .00396520  78535-4  73558-3 0  9996
2 46352  53.0303 314.9826 0012421 349.9674  10.1106 16.00428306328081
STARLINK-1656           
1 46353U 20062AE  26214.66668981  .00109309  00000+0  47771-3 0  9996
2 46353  53.0381   1.2490 0008086 312.8298 286.7125 15.83858613  6009
STARLINK-1661           
1 46355U 20062AG  26214.55238231  .00058163  00000+0  12633-2 0  9996
2 46355  53.1523  46.7464 0002200  57.9469 302.1751 15.43823282326827
STARLINK-1724           
1 46375U 20062BC  26214.66668981  .00158711  00000+0  70723-3 0  9994
2 46375  53.0171 287.4634 0007251  17.1302 304.4836 15.83294047  5700
STARLINK-1770           
1 46383U 20062BL  26214.66668981  .00200908  26035-4  62157-3 0  9992
2 46383  53.0348 307.8395 0007193   3.5179 191.4629 15.91302245  5772
STARLINK-1771           
1 46384U 20062BM  26214.57796744  .00045155  00000+0  38625-3 0  9995
2 46384  53.0372 357.0824 0002113 327.8901  32.1986 15.69023012327485
STARLINK-1672           
1 46537U 20070F   26214.66668981  .00091103  00000+0  54883-3 0  9993
2 46537  53.0376 145.5310 0004106 113.2599 235.7475 15.76957337  6003
STARLINK-1664           
1 46553U 20070X   26214.07731316  .00091464  00000+0  10085-2 0  9994
2 46553  53.0400 156.7128 0001869 142.7711 217.3432 15.62367105322649
STARLINK-1676           
1 46556U 20070AA  26214.66668981  .00285430  41053-4  92955-3 0  9992
2 46556  53.0291 145.3858 0004004 145.8562 210.9106 15.90238880  6022
STARLINK-1714           
1 46562U 20070AG  26214.66668981  .00273805  00000+0  95553-3 0  9991
2 46562  53.0299 116.5002 0002530 184.0395 345.2083 15.88069624  6020
STARLINK-1730           
1 46563U 20070AH  26214.51231329  .00083630  00000+0  65456-3 0  9992
2 46563  53.0208 134.3922 0006304  90.1982 269.9757 15.70890158322994
STARLINK-1728           
1 46582U 20070BC  26214.66668981  .00425268  85830-4  93987-3 0  9993
2 46582  53.0250 122.5261 0004336 164.4989 119.1822 15.97466051  6046
STARLINK-1718           
1 46674U 20073E   26214.66668981  .00229570  31502-4  59750-3 0  9993
2 46674  53.0326 223.9989 0010570  32.3371 298.9389 15.94493016  6031
STARLINK-1781           
1 46685U 20073R   26214.66668981  .00188828  23874-4  65770-3 0  9997
2 46685  53.0345 241.0197 0008762  28.1436 188.5963 15.88973903  5976
STARLINK-1797           
1 46698U 20073AE  26214.22736577  .00116198  00000+0  62366-3 0  9990
2 46698  53.0344 212.9386 0002550  35.0250 325.0938 15.79441820320402
STARLINK-1802           
1 46702U 20073AJ  26214.41824657  .00047008  00000+0  10337-2 0  9997
2 46702  53.1529 253.6701 0002928  17.2758 342.8348 15.43549670319886
STARLINK-1805           
1 46705U 20073AM  26214.66668981  .00096928  00000+0  38967-3 0  9998
2 46705  53.0363 244.8912 0008156  20.6498 234.6823 15.85648722  6016
STARLINK-1807           
1 46706U 20073AN  26214.55606870  .00023229  00000+0  67951-3 0  9995
2 46706  53.0559 269.9030 0002294 339.8024  20.2886 15.35177303319641
STARLINK-1810           
1 46709U 20073AR  26214.66668981  .00099493  00000+0  66214-3 0  9998
2 46709  53.0353 240.6264 0004920   7.2715 238.2178 15.74640204  5883
STARLINK-1821           
1 46718U 20073BA  26214.47236248  .00089250  00000+0  10645-2 0  9990
2 46718  53.0379 248.5989 0008016   2.7886 357.3169 15.60308321319934
STARLINK-1826           
1 46723U 20073BF  26214.43552538  .01330608  13972-2  83963-3 0  9991
2 46723  53.0284 171.1817 0000261 222.8106 137.2911 16.17420729321001
STARLINK-1828           
1 46725U 20073BH  26214.34409847  .00098331  00000+0  54752-3 0  9999
2 46725  53.0435 240.2491 0003527  53.4088 306.7256 15.78693980320036
STARLINK-1830           
1 46727U 20073BK  26214.66668981  .00391824  72668-4  95332-3 0  9998
2 46727  53.0260 179.4478 0007138  66.6404 248.4881 15.95693958  6033
STARLINK-1892           
1 46743U 20074E   26214.66668981  .00335804  53877-4  98227-3 0  9990
2 46743  53.0308 294.3025 0013075 354.0267 276.7251 15.92147241  6027
STARLINK-1835           
1 46782U 20074AV  26214.66668981  .00254053  35773-4  69703-3 0  9991
2 46782  53.0303 269.4320 0011656   4.7099 336.4373 15.93455117  5822
STARLINK-1893           
1 46786U 20074AZ  26214.66668981  .00178806  00000+0  78267-3 0  9991
2 46786  53.0398 267.6649 0010195   6.4584  54.2411 15.83576204  6019
STARLINK-1942           
1 46794U 20074BH  26214.66668981  .00186623  00000+0  83238-3 0  9990
2 46794  53.0357 299.5659 0009946 348.1004 242.2444 15.83159823  5910
STARLINK-1777           
1 47122U 20088A   26214.42667016  .00221617  00000+0  10901-2 0  9992
2 47122  53.0429 287.4405 0008420 354.0141   6.0778 15.80981027314921
STARLINK-1812           
1 47126U 20088E   26214.52519884  .00025492  00000+0  10529-2 0  9995
2 47126  53.0970 351.9783 0000736 323.3731  36.7216 15.23877582314045
STARLINK-1845           
1 47135U 20088P   26214.66668981  .00152796  00000+0  63762-3 0  9999
2 47135  53.0376 276.7567 0009051  12.5578 301.9516 15.84672144  6002
STARLINK-1856           
1 47143U 20088X   26214.66668981  .00067526  00000+0  35613-3 0  9998
2 47143  53.0423 276.7524 0005741 352.3000  38.7756 15.80028586  5904
STARLINK-1871           
1 47157U 20088AM  26214.58935757  .00069142  00000+0  16272-2 0  9997
2 47157  53.1561 333.9706 0000343  92.0092 268.0953 15.41352272314328
STARLINK-1873           
1 47158U 20088AN  26214.59286464  .00588281  18449-3  69325-3 0  9991
2 47158  53.0298 260.9933 0013621   6.8394 353.2822 16.07827346315300
STARLINK-1888           
1 47171U 20088BB  26214.66668981  .00175667  00000+0  84750-3 0  9991
2 47171  53.0435 283.8677 0008679 359.7806 176.9059 15.81528823  6007
STARLINK-1912           
1 47178U 20088BJ  26214.66668981  .00186563  23990-4  57279-3 0  9999
2 47178  53.0383 278.0185 0011779   0.4922 354.7431 15.91395998  5814
STARLINK-1913           
1 47179U 20088BK  26214.52856855  .00049765  00000+0  12621-2 0  9999
2 47179  53.1573 346.1660 0000928 225.0768 135.0161 15.39228907314145
STARLINK-2017           
1 47351U 21005C   26214.56912977  .00001350  00000+0  55275-4 0  9995
2 47351  53.1582  54.8505 0001194  86.6184 273.4954 15.31699545306079
STARLINK-2034           
1 47352U 21005D   26214.36400760  .00000584  00000+0  30602-4 0  9991
2 47352  53.1597  94.8705 0001553  77.5598 282.5577 15.31700446305499
STARLINK-2045           
1 47353U 21005E   26214.22046827  .00000862  00000+0  39536-4 0  9991
2 47353  53.1591  43.4681 0001062 108.2968 251.8149 15.31705907306206
STARLINK-2046           
1 47354U 21005F   26214.30085577 -.00001510  00000+0 -36890-4 0  9999
2 47354  53.1595  66.4183 0001246  87.3368 272.7776 15.31698833305888
STARLINK-2047           
1 47355U 21005G   26213.93890696  .00000251  00000+0  19866-4 0  9997
2 47355  53.1606  55.1143 0001357  94.3044 265.8112 15.31688660306004
STARLINK-2049           
1 47356U 21005H   26214.64418081  .00001131  00000+0  48213-4 0  9997
2 47356  53.1600  77.8146 0001213 105.6276 254.4860 15.31697979305744
STARLINK-2050           
1 47357U 21005J   26213.97985800  .00004129  00000+0  14471-3 0  9999
2 47357  53.1591 106.8194 0001244  83.6450 276.4693 15.31710331305288
STARLINK-2055           
1 47358U 21005K   26214.34117817  .00031077  00000+0  93363-3 0  9996
2 47358  53.1575  79.3508 0002121 114.5080 245.6144 15.34177496305698
STARLINK-2071           
1 47361U 21005N   26214.66668981  .00009665  00000+0  32278-3 0  9994
2 47361  53.1585  78.1751 0001142 103.1747  42.7683 15.31701625  5882
STARLINK-2076           
1 47362U 21005P   26214.38198179  .00043115  00000+0  10611-2 0  9995
2 47362  53.1569 101.6095 0005485  92.4344 267.7289 15.40195472305392
STARLINK-2081           
1 47366U 21005T   26214.10532561  .00000348  00000+0  22982-4 0  9993
2 47366  53.1595 105.9419 0001319  88.2102 271.9051 15.31702600305301
STARLINK-2082           
1 47367U 21005U   26214.13796264  .00004300  00000+0  15020-3 0  9995
2 47367  53.1588 105.8687 0001210  90.3470 269.7670 15.31712347305314
STARLINK-2084           
1 47368U 21005V   26213.98446619  .00001520  00000+0  60720-4 0  9993
2 47368  53.1599 106.4234 0001062  95.8963 264.2159 15.31711686305298
STARLINK-2088           
1 47371U 21005Y   26213.98964184  .00004339  00000+0  15144-3 0  9999
2 47371  53.1581 110.2404 0001039  93.2089 266.9031 15.31713687305235
STARLINK-2092           
1 47373U 21005AA  26214.12395523  .00002155  00000+0  81158-4 0  9996
2 47373  53.1585 105.7563 0001132  96.0985 264.0146 15.31715996305316
STARLINK-2094           
1 47375U 21005AC  26214.41293258 -.00001117  00000+0 -24243-4 0  9993
2 47375  53.1601 104.4418 0001148  81.9237 278.1895 15.31693446305358
STARLINK-2096           
1 47376U 21005AD  26214.41760224  .00000846  00000+0  39025-4 0  9996
2 47376  53.1603 104.4290 0001544 100.5036 259.6140 15.31696707305354
STARLINK-2097           
1 47377U 21005AE  26213.99463482  .00002529  00000+0  93200-4 0  9990
2 47377  53.1591 110.1508 0001267  93.1151 266.9996 15.31711069305230
STARLINK-2098           
1 47378U 21005AF  26213.88871902  .00000672  00000+0  33422-4 0  9996
2 47378  53.1609  58.5302 0001329 104.8544 255.2605 15.31707202305965
STARLINK-2099           
1 47379U 21005AG  26213.83272158  .00001138  00000+0  48448-4 0  9992
2 47379  53.1591  58.1599 0001523  86.3466 273.7710 15.31700665305961
STARLINK-2100           
1 47380U 21005AH  26214.72936127  .00902144  47836-3  89611-3 0  9991
2 47380  53.0412  32.6289 0009904 282.2277  77.7648 16.10591922306364
STARLINK-2101           
1 47381U 21005AJ  26213.83859954  .00001136  00000+0  48352-4 0  9992
2 47381  53.1596  82.0133 0001366  69.4129 290.7019 15.31702464305625
STARLINK-2102           
1 47382U 21005AK  26214.02222532  .00002609  00000+0  95767-4 0  9999
2 47382  53.1587  70.2794 0001145  88.2298 271.8835 15.31713546305808
STARLINK-2103           
1 47383U 21005AL  26214.58803328  .00047261  00000+0  12094-2 0  9992
2 47383  53.1558  53.1375 0003879 123.0019 237.1359 15.38971920306106
STARLINK-2104           
1 47384U 21005AM  26214.15085917  .00001752  00000+0  68204-4 0  9993
2 47384  53.1613  80.5698 0001174 100.9383 259.1751 15.31706812305664
STARLINK-2105           
1 47385U 21005AN  26214.01032968  .00002998  00000+0  10830-3 0  9991
2 47385  53.1584  80.8849 0001234 114.2322 245.8809 15.31711718305646
STARLINK-2106           
1 47386U 21005AP  26214.33262701 -.00000152  00000+0  68976-5 0  9994
2 47386  53.1613  79.7369 0001930  75.8024 284.3192 15.31710819305697
STARLINK-2109           
1 47388U 21005AR  26214.41689267  .00009872  00000+0  32518-3 0  9993
2 47388  53.1584 108.1673 0000981 110.2915 249.8192 15.32122457305297
STARLINK-2110           
1 47389U 21005AS  26214.64178141  .00042850  00000+0  12522-2 0  9998
2 47389  53.1552  77.0997 0001083 151.0453 209.0610 15.34897486305768
STARLINK-2111           
1 47390U 21005AT  26214.06888850  .00001835  00000+0  70871-4 0  9992
2 47390  53.1581 109.8572 0001265 118.3171 241.7958 15.31705005305243
STARLINK-2112           
1 47391U 21005AU  26214.07856281  .00025059  00000+0  13803-2 0  9991
2 47391  53.0655  94.8109 0002408  79.6772 280.4491 15.13887545305433
STARLINK-2119           
1 47397U 21005BA  26214.61014409  .00042234  00000+0  11063-2 0  9995
2 47397  53.1564 101.8438 0005436 103.2092 256.9519 15.38297651305413
STARLINK-2121           
1 47399U 21005BC  26213.97298437  .00001204  00000+0  50524-4 0  9999
2 47399  53.1596  80.6627 0001088  90.3462 269.7664 15.31714663305659
STARLINK-2122           
1 47400U 21005BD  26213.90261516  .00009760  00000+0  32572-3 0  9990
2 47400  53.1588  57.8232 0001162  89.5082 270.6052 15.31714157305977
STARLINK-2123           
1 47401U 21005BE  26214.34588991  .00001057  00000+0  45818-4 0  9998
2 47401  53.1596  79.1905 0001213  89.0483 271.0657 15.31701605305709
STARLINK-2130           
1 47405U 21005BJ  26214.42223528 -.00000363  00000+0  56502-7 0  9998
2 47405  53.1591 104.3035 0001242  92.2938 267.8206 15.31699159305350
STARLINK-2134           
1 47407U 21005BL  26214.63542046  .00003548  00000+0  12598-3 0  9992
2 47407  53.1605  79.6837 0001330  84.4940 275.6213 15.31718025305715
STARLINK-2135           
1 47408U 21005BM  26213.92177948  .00005975  00000+0  20400-3 0  9996
2 47408  53.1600  81.3986 0001181  86.5465 273.5672 15.31724331305639
STARLINK-1954           
1 47555U 21009H   26213.83603321  .00050549  00000+0  10217-2 0  9993
2 47555  53.0481  45.7305 0001086 186.6811 173.4181 15.45999968303308
STARLINK-1994           
1 47589U 21009AT  26214.63474312  .00948700  55607-3  82790-3 0  9993
2 47589  53.0307 354.7116 0010338 315.2362  44.7837 16.12515161304073
STARLINK-1995           
1 47590U 21009AU  26214.59679991  .00541811  14936-3  77865-3 0  9999
2 47590  53.0286  13.1803 0011435 300.6214  59.3689 16.04720819303810
STARLINK-2001           
1 47596U 21009BA  26214.66668981  .00084380  00000+0  36255-3 0  9994
2 47596  53.0346  24.1203 0006100 287.2105 182.4227 15.84338171  5853
STARLINK-1609           
1 47621U 21012B   26214.39886167  .00076829  00000+0  12143-2 0  9993
2 47621  53.1539  95.0802 0003342  95.1700 264.9692 15.52818061302589
STARLINK-1704           
1 47625U 21012F   26214.66668981  .00019110  00000+0  13702-3 0  9992
2 47625  53.0417  74.6185 0001320 332.5154 238.3352 15.73748093  5835
STARLINK-1972           
1 47627U 21012H   26214.66668981  .00007768  00000+0  52275-4 0  9999
2 47627  53.0445 332.7383 0006945 333.0118 105.0777 15.76334660  5992
STARLINK-1973           
1 47628U 21012J   26214.07801907  .00000983  00000+0  43426-4 0  9992
2 47628  53.1588 108.4718 0001159  88.7484 271.3650 15.31707941302369
STARLINK-1983           
1 47630U 21012L   26213.94409892  .00001205  00000+0  50582-4 0  9996
2 47630  53.1597  93.6690 0001240  85.5019 274.6124 15.31713335302531
STARLINK-1992           
1 47632U 21012N   26214.47503675 -.00002156  00000+0 -57727-4 0  9997
2 47632  53.1603  14.3296 0001128  94.5275 265.5855 15.31696213303695
STARLINK-2015           
1 47638U 21012U   26214.15122058  .00057489  00000+0  14056-2 0  9993
2 47638  53.1563  12.8402 0003090 113.7789 246.3540 15.40276685303686
STARLINK-2019           
1 47641U 21012X   26214.61067258  .00803077  37183-3  78464-3 0  9990
2 47641  53.0260 294.0311 0012031 349.2460  10.8315 16.10761658304797
STARLINK-2031           
1 47648U 21012AE  26214.66668981  .00023876  00000+0  77876-3 0  9993
2 47648  53.1572  90.2707 0001381 105.5387 152.6085 15.31697618  5820
STARLINK-2033           
1 47650U 21012AG  26213.86774160  .00076989  00000+0  11390-2 0  9995
2 47650  53.1600  85.0989 0001664 234.4907 125.5949 15.54641866302651
STARLINK-2036           
1 47652U 21012AJ  26214.66668981  .00248241  33980-4  76398-3 0  9999
2 47652  53.1562  75.5454 0006503 251.4273  76.8130 15.91354504  5890
STARLINK-2039           
1 47655U 21012AM  26214.21637437  .00032962  00000+0  10501-2 0  9991
2 47655  53.1594 107.8669 0001188 128.2754 231.8355 15.32280035302382
STARLINK-2040           
1 47656U 21012AN  26214.35424639  .00000287  00000+0  21027-4 0  9997
2 47656  53.1605  91.7169 0001374  66.1458 293.9688 15.31707462302611
STARLINK-2041           
1 47657U 21012AP  26214.66668981  .00302779  47908-4  69941-3 0  9992
2 47657  53.1447  62.7425 0002962 224.0661 183.5917 15.96728890  6039
STARLINK-2083           
1 47676U 21012BJ  26214.56914001  .01203160  10408-2  84427-3 0  9993
2 47676  53.0253 273.0044 0011366 353.3577   6.7306 16.15702526305083
STARLINK-2068           
1 47722U 21017A   26214.47255789 -.00000036  00000+0  10613-4 0  9999
2 47722  53.1597 232.6516 0001484  82.4591 277.6579 15.31694511300412
STARLINK-2107           
1 47723U 21017B   26214.57307365  .00000619  00000+0  31727-4 0  9994
2 47723  53.1611 167.8753 0001405  86.4347 273.6815 15.31695832301291
STARLINK-2131           
1 47728U 21017G   26214.54584716  .00092651  00000+0  61911-3 0  9997
2 47728  53.0664 225.4162 0005242  46.5272 313.6182 15.74575126300498
STARLINK-2140           
1 47730U 21017J   26214.49737289  .00003115  00000+0  11211-3 0  9994
2 47730  53.1587 258.4995 0001272  85.8672 274.2475 15.31698077299998
STARLINK-2143           
1 47733U 21017M   26214.55325820  .00001107  00000+0  47431-4 0  9991
2 47733  53.1595 257.9562 0001230  95.9220 264.1922 15.31698411300067
STARLINK-2144           
1 47734U 21017N   26214.35910956  .00000997  00000+0  43897-4 0  9998
2 47734  53.1593 246.0704 0001394  86.9531 273.1630 15.31691532300185
STARLINK-2147           
1 47736U 21017Q   26214.63359082  .00057097  00000+0  49350-3 0  9990
2 47736  53.0696 230.2937 0002224  69.1530 290.9724 15.68669707300436
STARLINK-2150           
1 47739U 21017T   26214.54960340  .00001320  00000+0  54294-4 0  9990
2 47739  53.1573 260.4918 0001156  83.2362 276.8771 15.31699377300038
STARLINK-2156           
1 47742U 21017W   26214.29188128  .00000499  00000+0  27864-4 0  9991
2 47742  53.1595 236.6416 0001205  98.4995 261.6143 15.31694639300344
STARLINK-2159           
1 47745U 21017Z   26214.66668981  .00187941  00000+0  62180-3 0  9992
2 47745  53.1468 214.8886 0004474  56.6876 261.3655 15.89353042  6015
STARLINK-2160           
1 47746U 21017AA  26214.66668981  .00037093  00000+0  29984-3 0  9990
2 47746  53.1531 231.4346 0001412  84.5651 347.5177 15.70488269  5928
STARLINK-2161           
1 47747U 21017AB  26214.41768017  .00001654  00000+0  65054-4 0  9998
2 47747  53.1595 235.7923 0001169  92.2147 267.8989 15.31702980300347
STARLINK-2163           
1 47749U 21017AD  26214.62713052  .00742541  30706-3  79699-3 0  9998
2 47749  53.1409 197.9071 0005474  55.8336 304.3217 16.09468116300857
STARLINK-2164           
1 47750U 21017AE  26214.56211922  .00005032  00000+0  17377-3 0  9994
2 47750  53.1572 234.7592 0001326  93.9856 266.1297 15.31707652300342
STARLINK-2169           
1 47752U 21017AG  26214.66668981  .00155598  00000+0  52854-3 0  9990
2 47752  53.1468 213.9421 0003898  61.4843 302.0412 15.88920821  5911
STARLINK-2170           
1 47753U 21017AH  26214.37775334  .00001698  00000+0  66455-4 0  9994
2 47753  53.1594 245.9899 0001212  88.5807 271.5333 15.31700256300213
STARLINK-2178           
1 47760U 21017AQ  26214.31512774  .00060312  00000+0  19123-2 0  9999
2 47760  53.1597 259.0792 0002379 152.2630 207.8499 15.32154338300007
STARLINK-2180           
1 47762U 21017AS  26214.66668981  .00057840  00000+0  22419-3 0  9996
2 47762  53.1488 221.7359 0006211  30.6587 115.4564 15.86625663  5824
STARLINK-2185           
1 47767U 21017AX  26214.56460761  .00117836  00000+0  64179-3 0  9997
2 47767  53.1488 222.6250 0005245  49.6771 310.4708 15.79101955300550
STARLINK-2193           
1 47770U 21017BA  26214.34978704  .00000576  00000+0  30347-4 0  9991
2 47770  53.1594 246.1329 0001202  85.0489 275.0650 15.31690173300183
STARLINK-2194           
1 47771U 21017BB  26214.48494254  .00000924  00000+0  41536-4 0  9999
2 47771  53.1598 245.4356 0001275  91.5080 268.6068 15.31694147300219
STARLINK-2195           
1 47772U 21017BC  26214.45080339 -.00000408  00000+0 -13710-5 0  9995
2 47772  53.1599 259.0490 0001424  87.3562 272.7602 15.31688710299996
STARLINK-2196           
1 47773U 21017BD  26214.52067164 -.00003213  00000+0 -91865-4 0  9998
2 47773  53.1593 258.1530 0003496  13.9465 346.1632 15.31656347300009
STARLINK-2209           
1 47776U 21017BG  26214.66668981  .00201660  25946-4  65617-3 0  9990
2 47776  53.1468 214.5158 0005917  51.4475 272.4700 15.90335884  6020
STARLINK-2211           
1 47778U 21017BJ  26214.66668981  .00616583  00000+0  56939-2 0  9991
2 47778  53.1553 228.4689 0001705  73.1824 306.0192 15.65098725  5794
STARLINK-2213           
1 47780U 21017BL  26214.32647565  .00000823  00000+0  38301-4 0  9991
2 47780  53.1592 246.1539 0001221  92.8019 267.3122 15.31694583300212
STARLINK-2257           
1 47787U 21018A   26214.49525208  .00001144  00000+0  48631-4 0  9990
2 47787  53.1598 287.2351 0001080  82.8290 277.2835 15.31701036299025
STARLINK-2314           
1 47788U 21018B   26214.37629037  .00046914  00000+0  10005-2 0  9999
2 47788  53.1535 255.7090 0002401  18.2368 341.8725 15.44459523299474
STARLINK-2315           
1 47789U 21018C   26214.47974411  .00002179  00000+0  81958-4 0  9992
2 47789  53.1592 280.9200 0000786  74.3369 285.7719 15.31702401299100
STARLINK-2319           
1 47790U 21018D   26214.43674132  .00001528  00000+0  60989-4 0  9995
2 47790  53.1595 258.4982 0001113  82.7193 277.3934 15.31694778299434
STARLINK-2322           
1 47791U 21018E   26214.34004840  .00504658  00000+0  14283-1 0  9994
2 47791  53.1590 285.1701 0009934 223.6777 136.3439 15.33681019299057
STARLINK-2334           
1 47792U 21018F   26214.47039638  .00001401  00000+0  56921-4 0  9998
2 47792  53.1604 280.7950 0001210  82.1942 277.9197 15.31698294299102
STARLINK-2338           
1 47793U 21018G   26214.48438090  .00000198  00000+0  18159-4 0  9998
2 47793  53.1588 280.7289 0001232  91.9188 268.1954 15.31695169299092
STARLINK-2373           
1 47796U 21018K   26214.56846914  .00031207  00000+0  81839-3 0  9997
2 47796  53.1559 278.3258 0003327 355.8634   4.2342 15.38415378299142
STARLINK-2377           
1 47797U 21018L   26214.50255278  .00001385  00000+0  56393-4 0  9991
2 47797  53.1613 296.8947 0001335  86.2263 273.8891 15.31698346298888
STARLINK-2379           
1 47798U 21018M   26214.50302293 -.00000296  00000+0  22195-5 0  9997
2 47798  53.1599 280.6457 0001349  91.9850 268.1306 15.31696875299108
STARLINK-2380           
1 47799U 21018N   26214.45480654  .00002282  00000+0  85283-4 0  9992
2 47799  53.1582 273.8685 0001221  85.0319 275.0821 15.31699922299195
STARLINK-2381           
1 47800U 21018P   26214.44707658  .00000437  00000+0  25835-4 0  9997
2 47800  53.1593 280.8205 0001344  67.1378 292.9765 15.31700515299093
STARLINK-2383           
1 47802U 21018R   26214.61913610  .00001829  00000+0  70708-4 0  9990
2 47802  53.1602 296.8185 0001405  89.7431 270.3732 15.31694482298906
STARLINK-2385           
1 47804U 21018T   26214.43591487  .00000489  00000+0  27524-4 0  9995
2 47804  53.1595 271.9879 0001319  84.3091 275.8061 15.31684763299222
STARLINK-2386           
1 47805U 21018U   26214.51138506  .00031803  00000+0  12267-2 0  9994
2 47805  53.0875 285.8427 0002822 331.4611  28.6232 15.26048666299022
STARLINK-2387           
1 47806U 21018V   26214.57412834  .00001545  00000+0  61535-4 0  9994
2 47806  53.1597 284.1492 0001000  61.2474 298.8628 15.31694979299133
STARLINK-2388           
1 47807U 21018W   26214.44140371  .00001013  00000+0  44419-4 0  9997
2 47807  53.1590 258.4849 0001285  74.9350 285.1794 15.31692591299418
STARLINK-2389           
1 47808U 21018X   26214.56442391  .00002187  00000+0  82223-4 0  9996
2 47808  53.1595 283.8568 0001151  84.3941 275.7191 15.31700146299138
STARLINK-2391           
1 47810U 21018Z   26214.46531768  .00001678  00000+0  65815-4 0  9997
2 47810  53.1593 297.3872 0001326  87.8383 272.2771 15.31698825298932
STARLINK-2395           
1 47814U 21018AD  26214.45697155  .00034566  00000+0  11077-2 0  9994
2 47814  53.1592 284.5265 0001252  52.5501 307.5614 15.32068931299128
STARLINK-2396           
1 47815U 21018AE  26214.45292035 -.00000335  00000+0  96865-6 0  9993
2 47815  53.1600 284.4245 0001357  95.3857 264.7299 15.31674405299054
STARLINK-2399           
1 47816U 21018AF  26214.52658596  .00004562  00000+0  15866-3 0  9994
2 47816  53.1597 299.5785 0001238 103.8918 256.2221 15.31701550298835
STARLINK-2400           
1 47817U 21018AG  26214.48092370  .00002168  00000+0  81585-4 0  9994
2 47817  53.1607 284.7303 0000879  81.3355 278.7746 15.31701417299053
STARLINK-2402           
1 47819U 21018AJ  26214.41100316  .00003532  00000+0  12554-3 0  9994
2 47819  53.1594 284.9715 0001294  92.5712 267.5438 15.31694262299112
STARLINK-2406           
1 47821U 21018AL  26214.48555709  .00002685  00000+0  98240-4 0  9999
2 47821  53.1578 284.4951 0001206  94.2286 265.8853 15.31702920299069
STARLINK-2407           
1 47822U 21018AM  26214.60508037  .00001614  00000+0  63774-4 0  9991
2 47822  53.1604 296.3141 0001061  85.8839 274.2284 15.31697934298915
STARLINK-2408           
1 47823U 21018AN  26214.52189777  .00001734  00000+0  67630-4 0  9997
2 47823  53.1606 299.4706 0001282  82.0678 278.0469 15.31697622298847
STARLINK-2409           
1 47824U 21018AP  26214.50766355  .00000513  00000+0  28289-4 0  9990
2 47824  53.1603 300.2021 0001231  87.6516 272.4626 15.31695555298826
STARLINK-2410           
1 47825U 21018AQ  26214.51351043 -.00001156  00000+0 -25482-4 0  9994
2 47825  53.1603 284.2892 0001417  70.1491 289.9663 15.31705268299074
STARLINK-2411           
1 47826U 21018AR  26214.43461990  .00001280  00000+0  53011-4 0  9994
2 47826  53.1578 287.2049 0001246  90.7564 269.3580 15.31701232299024
STARLINK-2413           
1 47827U 21018AS  26214.46187807 -.00000275  00000+0  28863-5 0  9992
2 47827  53.1602 284.2849 0001154  92.0315 268.0819 15.31703516299113
STARLINK-2415           
1 47828U 21018AT  26214.60974251  .00001431  00000+0  57877-4 0  9996
2 47828  53.1604 296.3039 0001245 100.3269 259.7873 15.31694286298910
STARLINK-2419           
1 47830U 21018AV  26214.52589411  .00000318  00000+0  22009-4 0  9992
2 47830  53.1613 297.0101 0001201  91.3903 268.7236 15.31695025298888
STARLINK-2420           
1 47831U 21018AW  26214.48986031  .00000177  00000+0  17456-4 0  9990
2 47831  53.1605 284.2553 0001229  90.7455 269.3687 15.31697412299109
STARLINK-2422           
1 47832U 21018AX  26214.49059093 -.00012277  00000+0 -38481-3 0  9997
2 47832  53.1580 287.2660 0001021  74.6339 285.4776 15.31673781299028
STARLINK-2423           
1 47833U 21018AY  26214.53032356  .00008155  00000+0  27421-3 0  9996
2 47833  53.1594 297.6852 0001209  76.2188 283.8948 15.31707831298925
STARLINK-2424           
1 47834U 21018AZ  26214.46253103 -.00004271  00000+0 -12597-3 0  9999
2 47834  53.1604 286.7396 0001496  78.0228 282.0941 15.31693666299085
STARLINK-2426           
1 47836U 21018BB  26214.46719472  .00000335  00000+0  22554-4 0  9997
2 47836  53.1595 286.6696 0001337  74.8245 285.2904 15.31695733299031
STARLINK-2427           
1 47837U 21018BC  26214.44741742  .00000321  00000+0  22106-4 0  9999
2 47837  53.1614 280.7860 0001114  86.0543 274.0585 15.31687250299105
STARLINK-2429           
1 47838U 21018BD  26214.50457944  .00002785  00000+0  10146-3 0  9991
2 47838  53.1581 287.2388 0001149  80.5732 279.5399 15.31701171299026
STARLINK-2431           
1 47839U 21018BE  26214.52532593  .00000719  00000+0  34925-4 0  9995
2 47839  53.1593 258.3591 0001430  87.6135 272.5030 15.31695741299449
STARLINK-2432           
1 47840U 21018BF  26214.45176144 -.00002270  00000+0 -61402-4 0  9991
2 47840  53.1600 280.9561 0001002 104.4545 255.6568 15.31706282299098
STARLINK-2433           
1 47841U 21018BG  26214.56360544  .00001751  00000+0  68196-4 0  9991
2 47841  53.1591 280.2819 0001350  86.2502 273.8654 15.31696816299115
STARLINK-2435           
1 47843U 21018BJ  26214.49788192  .00000691  00000+0  34052-4 0  9994
2 47843  53.1609 296.8211 0001250  90.5868 269.5277 15.31690827298903
STARLINK-2446           
1 47844U 21018BK  26214.44732573  .04985313  00000+0  10240+0 0  9997
2 47844  53.1589 286.9193 0039181 303.6943  56.0329 15.40461540299025
STARLINK-2453           
1 47845U 21018BL  26214.62417148  .00000323  00000+0  22168-4 0  9998
2 47845  53.1599 299.5642 0001270  86.4277 273.6870 15.31692375298850
STARLINK-2280           
1 47861U 21021B   26214.41905882  .00001176  00000+0  49652-4 0  9998
2 47861  53.1587 300.2117 0001388  59.8352 300.2787 15.31696826298725
STARLINK-2291           
1 47862U 21021C   26214.66668981  .00173971  00000+0  69153-3 0  9992
2 47862  53.1521 273.8846 0007048  13.6393 267.1053 15.85648076  6008
STARLINK-2326           
1 47870U 21021L   26214.48537803  .00000290  00000+0  21125-4 0  9990
2 47870  53.1620 322.5644 0001144  85.1467 274.9665 15.31691584298306
STARLINK-2329           
1 47873U 21021P   26214.52120686  .00001394  00000+0  56687-4 0  9992
2 47873  53.1610 296.8383 0001319  96.2339 263.8812 15.31697444298768
STARLINK-2330           
1 47874U 21021Q   26214.38749101  .00038168  00000+0  88347-3 0  9992
2 47874  53.1404 254.4193 0001721 338.0115  22.0817 15.42115386299342
STARLINK-2336           
1 47879U 21021V   26214.66668981  .00159779  00000+0  64067-3 0  9999
2 47879  53.1499 295.3662 0008385   0.9726 348.3118 15.85493592  5867
STARLINK-2342           
1 47883U 21021Z   26214.63493838  .00814258  38395-3  78754-3 0  9998
2 47883  53.1425 271.4556 0013650 358.3006   1.7981 16.10868452299302
STARLINK-2343           
1 47884U 21021AA  26214.49003964 -.00004564  00000+0 -13546-3 0  9999
2 47884  53.1612 322.5821 0001363  88.3064 271.8093 15.31683331298391
STARLINK-2346           
1 47887U 21021AD  26214.56926138  .00003808  00000+0  13439-3 0  9996
2 47887  53.1608 322.1706 0001411  80.5727 279.5434 15.31706711298416
STARLINK-2354           
1 47894U 21021AL  26214.52158659  .00041834  00000+0  11105-2 0  9993
2 47894  53.1513 307.7715 0003921 341.1595  18.9264 15.37898237298557
STARLINK-2355           
1 47895U 21021AM  26214.49162661  .00001475  00000+0  59281-4 0  9994
2 47895  53.1603 309.7086 0001251  87.3493 272.7651 15.31700809298563
STARLINK-2356           
1 47896U 21021AN  26214.59254892 -.00002480  00000+0 -68205-4 0  9999
2 47896  53.1599 322.0464 0000943  85.9249 274.1861 15.31696078298376
STARLINK-2358           
1 47898U 21021AQ  26214.54288620  .00000806  00000+0  37735-4 0  9994
2 47898  53.1612 309.4022 0001243  84.3009 275.8134 15.31695464298542
STARLINK-2361           
1 47901U 21021AT  26214.48794552  .00045042  00000+0  10037-2 0  9993
2 47901  53.1549 291.6942 0001178  34.6454 325.4629 15.43175747298831
STARLINK-2364           
1 47904U 21021AW  26214.51185279  .00000485  00000+0  27393-4 0  9997
2 47904  53.1595 296.7174 0001296  67.1963 292.9176 15.31704609298753
STARLINK-2367           
1 47907U 21021AZ  26214.51335140  .00000698  00000+0  34263-4 0  9994
2 47907  53.1617 322.5739 0001247  89.4364 270.6780 15.31697707298365
STARLINK-2370           
1 47910U 21021BC  26214.53357306  .00000484  00000+0  27367-4 0  9998
2 47910  53.1607 309.4836 0001269  78.4097 281.7047 15.31695526298608
STARLINK-2371           
1 47911U 21021BD  26214.57392127  .00001337  00000+0  54840-4 0  9997
2 47911  53.1603 322.1543 0001115  86.2917 273.8212 15.31698289298267
STARLINK-2378           
1 47916U 21021BJ  26214.58180377  .00014227  00000+0  46904-3 0  9998
2 47916  53.1582 296.5584 0001079  84.3316 275.7809 15.31721803298765
STARLINK-2405           
1 47919U 21021BM  26214.48071052  .00001920  00000+0  73613-4 0  9993
2 47919  53.1597 322.5637 0001197  79.3641 280.7495 15.31697898298380
STARLINK-1647           
1 47978U 21024B   26213.82715131  .00001364  00000+0  55706-4 0  9996
2 47978  53.1611  17.0308 0001174  80.4815 279.6319 15.31711778296861
STARLINK-2303           
1 47981U 21024E   26214.47468049  .00000582  00000+0  30540-4 0  9995
2 47981  53.1617  14.0799 0001121  94.0563 266.0566 15.31690003296967
STARLINK-2273           
1 47993U 21024S   26214.58051073  .00119479  00000+0  70009-3 0  9994
2 47993  53.1488 316.7426 0006408 347.0495  13.0360 15.77455913297763
STARLINK-2266           
1 47997U 21024W   26214.35634897  .00002170  00000+0  81677-4 0  9997
2 47997  53.1608 348.9507 0001186  83.2055 276.9082 15.31692789297302
STARLINK-2270           
1 48000U 21024Z   26214.55548047  .00049011  00000+0  99523-3 0  9999
2 48000  53.1258 274.9809 0001243 141.3789 218.7308 15.45879552298290
STARLINK-2153           
1 48009U 21024AJ  26214.53914475  .00001106  00000+0  47419-4 0  9999
2 48009  53.1626 350.7392 0001444  98.2007 261.9158 15.31698147297245
STARLINK-2226           
1 48010U 21024AK  26214.48436768  .00000731  00000+0  35318-4 0  9997
2 48010  53.1614  14.2580 0001222  92.5183 267.5958 15.31690770296907
STARLINK-2285           
1 48019U 21024AU  26213.71783621  .00010267  00000+0  34204-3 0  9991
2 48019  53.1608 352.0255 0001119  82.4279 277.6850 15.31709083297148
STARLINK-2298           
1 48022U 21024AX  26214.60507782  .00068598  00000+0  49171-3 0  9995
2 48022  53.1195 353.0819 0003457 339.2632  20.8246 15.73072258297255
STARLINK-2292           
1 48023U 21024AY  26214.43502412  .00025697  00000+0  48827-3 0  9992
2 48023  53.1178   3.9909 0002794 122.3707 237.7572 15.48124308297083
STARLINK-2299           
1 48029U 21024BE  26214.66668981  .00214571  27655-4  73858-3 0  9990
2 48029  53.1113 345.6463 0010158 325.2868 275.6198 15.89144865  5867
STARLINK-2404           
1 48093U 21027B   26214.25396189 -.00000056  00000+0  99720-5 0  9997
2 48093  53.1595 197.5918 0001434  85.7251 274.3914 15.31693292294965
STARLINK-2412           
1 48094U 21027C   26214.30335804  .00000367  00000+0  23602-4 0  9990
2 48094  53.1591 208.1734 0001132  72.8865 287.2260 15.31693218294820
STARLINK-2414           
1 48095U 21027D   26214.28467527  .00001140  00000+0  48513-4 0  9994
2 48095  53.1577 207.9730 0001207  93.1861 266.9279 15.31696092294831
STARLINK-2417           
1 48096U 21027E   26214.27386890  .00262183  00000+0  77213-2 0  9990
2 48096  53.1585 208.1578 0002528 316.3327  43.7475 15.33495037294813
STARLINK-2418           
1 48097U 21027F   26214.26733991  .00000684  00000+0  33806-4 0  9996
2 48097  53.1588 195.5184 0001366  86.1146 274.0011 15.31690507294989
STARLINK-2421           
1 48098U 21027G   26214.36115616  .00003810  00000+0  13451-3 0  9993
2 48098  53.1592 197.0884 0001275  88.4173 271.6975 15.31695043294974
STARLINK-2428           
1 48099U 21027H   26214.37385596 -.00005136  00000+0 -15377-3 0  9995
2 48099  53.1583 209.8933 0001378  77.6860 282.4296 15.31712460294798
STARLINK-2430           
1 48100U 21027J   26214.21634297  .00000818  00000+0  38120-4 0  9998
2 48100  53.1591 195.3124 0001338  95.3944 264.7211 15.31692346294988
STARLINK-2436           
1 48101U 21027K   26214.43575171  .00017786  00000+0  58308-3 0  9999
2 48101  53.1575 196.8685 0001259  84.5911 275.5234 15.31725905294999
STARLINK-2439           
1 48104U 21027N   26214.37950962  .00001907  00000+0  73190-4 0  9995
2 48104  53.1586 194.8594 0001223  96.0471 264.0670 15.31698959295010
STARLINK-2440           
1 48105U 21027P   26214.50172142  .00003099  00000+0  11158-3 0  9996
2 48105  53.1582 142.7506 0001273  91.4812 268.6335 15.31702937295745
STARLINK-2442           
1 48106U 21027Q   26214.16939822  .00025940  00000+0  84292-3 0  9993
2 48106  53.1573 195.7112 0000997 111.7125 248.3983 15.31770741294978
STARLINK-2443           
1 48107U 21027R   26214.32824294  .00000805  00000+0  37705-4 0  9999
2 48107  53.1590 195.0951 0001508 101.2660 258.8511 15.31689432294990
STARLINK-2448           
1 48111U 21027V   26214.23392607  .00060685  00000+0  12060-2 0  9999
2 48111  53.1526 189.9580 0002404  60.0120 300.1126 15.46415376295076
STARLINK-2449           
1 48112U 21027W   26214.50401537  .00005870  00000+0  20061-3 0  9999
2 48112  53.1587 209.2746 0001442  87.6344 272.4822 15.31729352294820
STARLINK-2450           
1 48113U 21027X   26214.25202291  .00002327  00000+0  86732-4 0  9990
2 48113  53.1592 207.9675 0001389  90.2721 269.8440 15.31699252294801
STARLINK-2452           
1 48115U 21027Z   26214.33319046  .00000660  00000+0  33051-4 0  9992
2 48115  53.1595 197.2062 0001369  88.6291 271.4867 15.31692091294961
STARLINK-2454           
1 48116U 21027AA  26214.29878039 -.00034309  00000+0 -11040-2 0  9991
2 48116  53.1582 208.3036 0003026  58.3053 301.8243 15.31545357294817
STARLINK-2455           
1 48117U 21027AB  26214.22067591  .00000839  00000+0  38804-4 0  9996
2 48117  53.1595 195.3018 0001377  89.5916 270.5243 15.31691490294988
STARLINK-2459           
1 48119U 21027AD  26214.22099443  .00006481  00000+0  22042-3 0  9994
2 48119  53.1591 195.2263 0001197  91.2326 268.8813 15.31703224294973
STARLINK-2460           
1 48120U 21027AE  26214.36802361  .00019372  00000+0  41149-3 0  9994
2 48120  53.1576 202.2696 0003595  37.3917 322.7340 15.45053788294915
STARLINK-2462           
1 48121U 21027AF  26214.23531914  .00001074  00000+0  46383-4 0  9990
2 48121  53.1604 197.6864 0001310  88.2208 271.8943 15.31693525294954
STARLINK-2464           
1 48123U 21027AH  26214.35618293  .00000847  00000+0  39046-4 0  9996
2 48123  53.1586 194.7981 0001123  94.3833 265.7296 15.31694282295008
STARLINK-2465           
1 48124U 21027AJ  26214.37514005 -.00000092  00000+0  87898-5 0  9997
2 48124  53.1573 197.0601 0001144  89.3372 270.7761 15.31707189294974
STARLINK-2466           
1 48125U 21027AK  26214.35926521  .00001224  00000+0  51222-4 0  9994
2 48125  53.1581 207.7558 0001418  93.5427 266.5736 15.31692354294822
STARLINK-2467           
1 48126U 21027AL  26214.43973071  .00007238  00000+0  24475-3 0  9996
2 48126  53.1572 194.2612 0001186  96.5285 263.5851 15.31704661295024
STARLINK-2468           
1 48127U 21027AM  26214.24704397  .00000342  00000+0  22794-4 0  9991
2 48127  53.1594 208.0834 0000947  84.4978 275.6132 15.31700073294813
STARLINK-2469           
1 48128U 21027AN  26214.11268601  .00036409  00000+0  11935-2 0  9997
2 48128  53.1000 150.3555 0004462  58.4017 301.7419 15.31306963295580
STARLINK-2471           
1 48129U 21027AP  26214.25672558  .00001645  00000+0  64791-4 0  9997
2 48129  53.1599 208.2086 0001288  85.8020 274.3128 15.31690334294812
STARLINK-2472           
1 48130U 21027AQ  26214.26639943  .00000985  00000+0  43518-4 0  9991
2 48130  53.1594 210.7816 0001563  97.1549 262.9630 15.31697420294786
STARLINK-2473           
1 48131U 21027AR  26214.27231896  .00000475  00000+0  27061-4 0  9997
2 48131  53.1585 195.4265 0001156  86.4951 273.6183 15.31693066294986
STARLINK-2474           
1 48132U 21027AS  26214.27134118 -.00000590  00000+0 -72497-5 0  9991
2 48132  53.1586 210.3562 0001289  93.6347 266.4802 15.31696719294774
STARLINK-2475           
1 48133U 21027AT  26214.22407891  .00001462  00000+0  58870-4 0  9993
2 48133  53.1587 208.1890 0001451  98.2783 261.8383 15.31693572294813
STARLINK-2476           
1 48134U 21027AU  26214.26134266  .00001062  00000+0  45985-4 0  9990
2 48134  53.1587 207.8688 0001303  81.6763 278.4386 15.31693133294815
STARLINK-2478           
1 48135U 21027AV  26214.27602584  .00001696  00000+0  66389-4 0  9999
2 48135  53.1602 210.5150 0000939  94.3662 265.7446 15.31698242294780
STARLINK-2479           
1 48136U 21027AW  26214.37789968 -.00001423  00000+0 -34107-4 0  9996
2 48136  53.1598 207.6218 0001285  85.4903 274.6246 15.31703486294831
STARLINK-2480           
1 48137U 21027AX  26214.33824612  .00001148  00000+0  48774-4 0  9996
2 48137  53.1589 197.6124 0001332  84.1943 275.9210 15.31690301294958
STARLINK-2481           
1 48138U 21027AY  26214.26202099  .00002778  00000+0  10128-3 0  9999
2 48138  53.1594 210.3809 0001497  90.4667 269.6506 15.31690934294784
STARLINK-2482           
1 48139U 21027AZ  26214.35586454  .00003402  00000+0  12135-3 0  9995
2 48139  53.1580 194.9176 0001281  95.6517 264.4630 15.31697312295000
STARLINK-2483           
1 48140U 21027BA  26214.27071979  .00002994  00000+0  10820-3 0  9993
2 48140  53.1569 208.2558 0001060  85.8208 274.2914 15.31700242294814
STARLINK-2485           
1 48142U 21027BC  26214.38388123 -.00001473  00000+0 -35684-4 0  9998
2 48142  53.1596 195.1026 0001946  93.7787 266.3437 15.31697801295003
STARLINK-2486           
1 48143U 21027BD  26214.51445827  .00050620  00000+0  10916-2 0  9994
2 48143  53.1543 136.7668 0002022  74.3411 285.7819 15.44096349295838
STARLINK-2487           
1 48144U 21027BE  26214.33718938 -.00000008  00000+0  11509-4 0  9998
2 48144  53.1581 194.7725 0001483  89.4624 270.6547 15.31695512294992
STARLINK-2491           
1 48148U 21027BJ  26214.21480324  .00005307  00000+0  18262-3 0  9992
2 48148  53.1566 208.5555 0001092  93.7646 266.3480 15.31704031294795
STARLINK-2492           
1 48149U 21027BK  26214.23005490  .00002714  00000+0  99186-4 0  9996
2 48149  53.1574 195.7201 0001278  88.2206 271.8942 15.31699186294975
STARLINK-2493           
1 48150U 21027BL  26214.21604547  .00001032  00000+0  45014-4 0  9997
2 48150  53.1594 195.5944 0001509 105.4648 254.6520 15.31699056294988
STARLINK-2503           
1 48151U 21027BM  26214.34220898  .00003068  00000+0  11060-3 0  9999
2 48151  53.1584 194.9168 0001334  87.8158 272.2996 15.31699850295003
STARLINK-2567           
1 48276U 21036A   26214.12106069  .00005052  00000+0  17439-3 0  9997
2 48276  53.1594  94.2056 0001116  95.3530 264.7598 15.31711894291021
STARLINK-2569           
1 48277U 21036B   26214.04628236  .00048665  00000+0  13881-2 0  9997
2 48277  53.1229  55.7626 0000922 104.1940 255.9165 15.35601120291554
STARLINK-2543           
1 48278U 21036C   26214.02126932  .00009857  00000+0  32881-3 0  9994
2 48278  53.1578  68.1343 0001187 101.6057 258.5078 15.31715850291386
STARLINK-2565           
1 48280U 21036E   26214.49738546  .00005663  00000+0  19406-3 0  9997
2 48280  53.1579 142.7158 0001383  98.7830 261.3328 15.31709427290377
STARLINK-2558           
1 48282U 21036G   26214.11339608 -.00005860  00000+0 -17731-3 0  9994
2 48282  53.1584 118.7486 0001559  84.1714 275.9465 15.31679228290690
STARLINK-2516           
1 48283U 21036H   26214.62606527  .00003385  00000+0  12077-3 0  9994
2 48283  53.1575 116.2993 0001144  98.5468 261.5664 15.31704932290774
STARLINK-2564           
1 48284U 21036J   26214.15073595 -.00003006  00000+0 -85104-4 0  9990
2 48284  53.1585 119.0219 0001155  90.6873 269.4261 15.31711507290689
STARLINK-2547           
1 48286U 21036L   26213.96889213 -.00009937  00000+0 -30881-3 0  9992
2 48286  53.1577 119.4360 0001223 101.4052 258.7087 15.31705644290669
STARLINK-2566           
1 48287U 21036M   26214.13735351 -.00000302  00000+0  20354-5 0  9998
2 48287  53.1575 121.0127 0001828  81.8174 278.3034 15.31693036290655
STARLINK-2545           
1 48289U 21036P   26214.24358313  .00009931  00000+0  33098-3 0  9994
2 48289  53.1587 118.3937 0001295  94.6621 265.4528 15.31735547290700
STARLINK-2555           
1 48291U 21036R   26214.44962929  .00001408  00000+0  57140-4 0  9999
2 48291  53.1603 119.5658 0001108  90.7646 269.3482 15.31697140290700
STARLINK-2542           
1 48292U 21036S   26214.44894192  .00001426  00000+0  57711-4 0  9990
2 48292  53.1586 117.0017 0001161  94.6802 265.4332 15.31698353290741
STARLINK-2550           
1 48293U 21036T   26214.00618555  .00001896  00000+0  72844-4 0  9995
2 48293  53.1596 119.2184 0001397 106.6163 253.4992 15.31702169290679
STARLINK-2533           
1 48294U 21036U   26214.12736638  .00000324  00000+0  22204-4 0  9992
2 48294  53.1598 118.6070 0001261  99.5606 260.5538 15.31691845290696
STARLINK-2535           
1 48295U 21036V   26214.46761856  .00001244  00000+0  51865-4 0  9997
2 48295  53.1599 117.1899 0001265  95.3316 264.7830 15.31697912290745
STARLINK-2559           
1 48298U 21036Y   26214.02090337  .00056496  00000+0  14173-2 0  9999
2 48298  53.1557 116.6611 0005326  86.1819 273.9794 15.39492537290718
STARLINK-2557           
1 48299U 21036Z   26214.43497365  .00002269  00000+0  84877-4 0  9996
2 48299  53.1599 117.1598 0001505  90.8701 269.2472 15.31700784290744
STARLINK-2538           
1 48300U 21036AA  26214.18636103  .00005053  00000+0  17445-3 0  9996
2 48300  53.1577 131.1394 0001254  88.0592 272.0553 15.31707582290522
STARLINK-2537           
1 48301U 21036AB  26214.15413528  .00002767  00000+0  10090-3 0  9996
2 48301  53.1582 134.3003 0000985  90.0943 270.0171 15.31699686290466
STARLINK-2530           
1 48303U 21036AD  26214.46137456  .00001971  00000+0  75255-4 0  9996
2 48303  53.1580 130.1425 0001050 102.9427 257.1692 15.31700857290559
STARLINK-2524           
1 48304U 21036AE  26214.06762446  .00003057  00000+0  11024-3 0  9996
2 48304  53.1595 142.4324 0001352  88.0918 272.0238 15.31701492290338
STARLINK-2519           
1 48305U 21036AF  26214.18422042 -.00001503  00000+0 -36678-4 0  9994
2 48305  53.1587 142.4749 0001195  92.4529 267.6609 15.31693601290348
STARLINK-2523           
1 48306U 21036AG  26214.20279923  .00000741  00000+0  35631-4 0  9995
2 48306  53.1597 141.9227 0001256  87.3477 272.7668 15.31698973290358
STARLINK-2517           
1 48309U 21036AK  26214.48473950  .00001245  00000+0  51891-4 0  9990
2 48309  53.1604 130.4807 0001279  85.9914 274.1233 15.31698094290552
STARLINK-2536           
1 48310U 21036AL  26214.08026713  .00002016  00000+0  76735-4 0  9990
2 48310  53.1587 134.8927 0001258  96.0711 264.0434 15.31696168290450
STARLINK-2534           
1 48311U 21036AM  26213.99999417  .00000884  00000+0  40257-4 0  9991
2 48311  53.1603 132.5065 0001307 101.3173 258.7976 15.31697679290487
STARLINK-2061           
1 48312U 21036AN  26214.49399020  .00005665  00000+0  19414-3 0  9994
2 48312  53.1607 129.9586 0001433  85.8957 274.2209 15.31706413290564
STARLINK-2549           
1 48314U 21036AQ  26214.07952308  .00000768  00000+0  36532-4 0  9994
2 48314  53.1580 134.3587 0001269  94.3929 265.7217 15.31695230290454
STARLINK-2506           
1 48315U 21036AR  26214.22607809 -.00004173  00000+0 -12280-3 0  9994
2 48315  53.1577 141.7228 0001271  93.0243 267.0904 15.31691527290355
STARLINK-2507           
1 48316U 21036AS  26214.09093152  .00002719  00000+0  99317-4 0  9999
2 48316  53.1578 142.3389 0001074  99.6514 260.4609 15.31708531290337
STARLINK-2513           
1 48317U 21036AT  26214.06051268  .00002273  00000+0  84979-4 0  9992
2 48317  53.1578 131.7360 0001069  95.9984 264.1139 15.31699524290490
STARLINK-2509           
1 48318U 21036AU  26214.09165804  .00003192  00000+0  11456-3 0  9998
2 48318  53.1576 145.2795 0001008  81.4461 278.6654 15.31702684290308
STARLINK-2512           
1 48319U 21036AV  26214.27799247  .00001594  00000+0  63126-4 0  9999
2 48319  53.1594 143.6855 0001440  87.4442 272.6724 15.31694931290344
STARLINK-2029           
1 48320U 21036AW  26214.24108538  .00004621  00000+0  16055-3 0  9997
2 48320  53.1584 144.1684 0001138  97.7335 262.3795 15.31703482290335
STARLINK-2457           
1 48321U 21036AX  26214.19875084  .00000337  00000+0  22638-4 0  9994
2 48321  53.1591 143.9859 0001396 100.6269 259.4889 15.31689137290332
STARLINK-2515           
1 48323U 21036AZ  26214.51567841  .00006216  00000+0  21186-3 0  9999
2 48323  53.1592 142.4849 0001538  62.7154 297.4004 15.31709239290389
STARLINK-2495           
1 48325U 21036BB  26214.52034637  .00015103  00000+0  49751-3 0  9997
2 48325  53.1588 142.5925 0001330  96.5340 263.5813 15.31695784290385
STARLINK-2498           
1 48326U 21036BC  26214.11985804  .00031715  00000+0  10293-2 0  9999
2 48326  53.1585 144.3900 0001208  78.2443 281.8694 15.31703104290321
STARLINK-2502           
1 48327U 21036BD  26214.50669402  .00004603  00000+0  15996-3 0  9998
2 48327  53.1585 142.5884 0001113 103.0810 257.0316 15.31707551290385
STARLINK-2504           
1 48328U 21036BE  26214.10086086  .00002533  00000+0  93369-4 0  9997
2 48328  53.1580 144.3604 0001190  96.0777 264.0360 15.31698920290318
STARLINK-2510           
1 48329U 21036BF  26214.22703854  .00002223  00000+0  83365-4 0  9991
2 48329  53.1578 143.7678 0001245  95.6500 264.4643 15.31701674290342
STARLINK-2501           
1 48330U 21036BG  26214.53004956  .00003106  00000+0  11180-3 0  9990
2 48330  53.1592 142.8513 0001572  87.7522 272.3659 15.31704855290380
STARLINK-2514           
1 48331U 21036BH  26214.01832411  .00049430  00000+0  13466-2 0  9997
2 48331  53.1569 143.9604 0005657  75.7318 284.4314 15.37014040290328
STARLINK-2518           
1 48333U 21036BK  26214.08721461 -.00004142  00000+0 -12174-3 0  9997
2 48333  53.1599 144.4707 0001180  94.4127 265.7009 15.31711786290324
STARLINK-2470           
1 48334U 21036BL  26214.08255835  .00001017  00000+0  44550-4 0  9995
2 48334  53.1583 144.4799 0001414 101.0402 259.0759 15.31699044290320
STARLINK-2613           
1 48353U 21038A   26214.51376499  .00001657  00000+0  65150-4 0  9995
2 48353  53.1598  39.5827 0001219  88.4396 271.6745 15.31692571289428
STARLINK-2674           
1 48354U 21038B   26213.86591979  .00001153  00000+0  48877-4 0  9993
2 48354  53.1604  42.6824 0001018  72.2201 287.8912 15.31715897289323
STARLINK-2635           
1 48355U 21038C   26214.50444010  .00000899  00000+0  40741-4 0  9997
2 48355  53.1607  39.6015 0001515 104.8230 255.2939 15.31689762289421
STARLINK-2637           
1 48356U 21038D   26214.52777982  .00002439  00000+0  90306-4 0  9991
2 48356  53.1591  39.7896 0000635  89.2923 270.8152 15.31707726289420
STARLINK-2636           
1 48357U 21038E   26214.49978882 -.00000450  00000+0 -27322-5 0  9992
2 48357  53.1608  39.6817 0001234  88.1472 271.9671 15.31687914289429
STARLINK-2624           
1 48358U 21038F   26213.90785841  .00001272  00000+0  52741-4 0  9992
2 48358  53.1599  42.3933 0001128  90.8556 269.2574 15.31707455289328
STARLINK-2628           
1 48359U 21038G   26213.87062411  .00008665  00000+0  29057-3 0  9996
2 48359  53.1590  42.9143 0001258  87.1876 272.9270 15.31710000289310
STARLINK-2622           
1 48360U 21038H   26214.49046752  .00001789  00000+0  69404-4 0  9998
2 48360  53.1604  39.7152 0002479  51.9538 308.1687 15.31705561289413
STARLINK-2591           
1 48361U 21038J   26214.55105827  .00001120  00000+0  47851-4 0  9996
2 48361  53.1607  39.4188 0001221 101.3505 258.7634 15.31692558289425
STARLINK-2578           
1 48362U 21038K   26214.50910529  .00001917  00000+0  73507-4 0  9996
2 48362  53.1591  39.6042 0001146  79.2381 280.8749 15.31700648289423
STARLINK-2611           
1 48364U 21038M   26214.51103759  .00000706  00000+0  34529-4 0  9994
2 48364  53.1593  29.2605 0001352  90.8144 269.3012 15.31699709289578
STARLINK-2608           
1 48365U 21038N   26214.49706133  .00002175  00000+0  81839-4 0  9995
2 48365  53.1592  29.3814 0000929  90.7826 269.3282 15.31698334289578
STARLINK-2643           
1 48367U 21038Q   26214.47342717  .00001033  00000+0  45059-4 0  9995
2 48367  53.1597  27.0308 0001546  85.9554 274.1624 15.31697265289596
STARLINK-2623           
1 48368U 21038R   26214.52043123  .00001215  00000+0  50923-4 0  9999
2 48368  53.1601  29.7855 0000994 114.1823 245.9283 15.31694416289568
STARLINK-2621           
1 48370U 21038T   26214.50637778  .00003163  00000+0  11360-3 0  9990
2 48370  53.1607  29.2452 0001145  91.4162 268.6970 15.31708331289564
STARLINK-2589           
1 48371U 21038U   26214.51570204 -.00004051  00000+0 -11880-3 0  9998
2 48371  53.1611  29.3384 0001280  97.6473 262.4674 15.31708847289563
STARLINK-2609           
1 48373U 21038W   26213.87685463  .00000594  00000+0  30913-4 0  9997
2 48373  53.1601  29.8955 0001249 100.2115 259.9027 15.31705178289503
STARLINK-2604           
1 48374U 21038X   26214.49239028  .00000691  00000+0  34031-4 0  9992
2 48374  53.1602  29.3316 0001191  93.9603 266.1535 15.31692370289566
STARLINK-2603           
1 48375U 21038Y   26214.49273214 -.00000126  00000+0  77057-5 0  9998
2 48375  53.1600  29.3442 0001582 132.7416 227.3719 15.31697667289560
STARLINK-2610           
1 48376U 21038Z   26214.60705521  .00054872  00000+0  34367-3 0  9994
2 48376  53.1551   9.9713 0003654 310.2823  49.7877 15.76283624289843
STARLINK-2499           
1 48377U 21038AA  26214.48774130  .00001324  00000+0  54412-4 0  9991
2 48377  53.1603  29.4316 0001350  85.3266 274.7889 15.31700148289568
STARLINK-2526           
1 48378U 21038AB  26213.78397774  .00000225  00000+0  19021-4 0  9995
2 48378  53.1613  32.8674 0001061 101.6728 258.4393 15.31712774289454
STARLINK-2612           
1 48379U 21038AC  26213.81629718  .00000557  00000+0  29701-4 0  9990
2 48379  53.1598  30.4437 0001124  87.9586 272.1544 15.31710307289491
STARLINK-2614           
1 48380U 21038AD  26214.47812373  .00000900  00000+0  40770-4 0  9997
2 48380  53.1599  27.2428 0000997  69.2787 290.8322 15.31693613289593
STARLINK-2630           
1 48381U 21038AE  26213.87258106 -.00002796  00000+0 -78307-4 0  9993
2 48381  53.1605  32.7869 0001956 110.7535 249.3676 15.31721411289466
STARLINK-2585           
1 48382U 21038AF  26213.94741631  .00004084  00000+0  14326-3 0  9992
2 48382  53.1602  31.8757 0001312  88.5486 271.5666 15.31709986289484
STARLINK-2598           
1 48385U 21038AJ  26213.89550135  .00017178  00000+0  56504-3 0  9998
2 48385  53.1609  29.7496 0001669  86.3734 273.7458 15.31643207290733
STARLINK-2606           
1 48386U 21038AK  26214.19813202  .00001077  00000+0  46459-4 0  9990
2 48386  53.1600  28.4582 0001270 122.4898 237.6226 15.31696502289543
STARLINK-2594           
1 48388U 21038AM  26213.87650795  .00000273  00000+0  20548-4 0  9990
2 48388  53.1593  29.7399 0001264  92.0638 268.0508 15.31709995289501
STARLINK-2586           
1 48390U 21038AP  26214.46571552  .00001576  00000+0  62548-4 0  9995
2 48390  53.1600  14.3304 0000978  91.6342 268.4771 15.31698245290993
STARLINK-2607           
1 48391U 21038AQ  26214.42814983  .00000907  00000+0  41009-4 0  9996
2 48391  53.1606  14.8576 0001225  71.4706 288.6429 15.31688494290980
STARLINK-2605           
1 48392U 21038AR  26213.85978789 -.00000086  00000+0  89972-5 0  9999
2 48392  53.1609  17.0444 0000956  92.3381 267.7730 15.31712487290909
STARLINK-2574           
1 48395U 21038AU  26213.87409154  .00003339  00000+0  11926-3 0  9994
2 48395  53.1599  19.3352 0001001  82.8559 277.2557 15.31715573290874
STARLINK-2575           
1 48396U 21038AV  26214.43306936 -.00002677  00000+0 -74550-4 0  9991
2 48396  53.1596  14.3292 0001112  95.0121 265.1007 15.31690576290998
STARLINK-2590           
1 48397U 21038AW  26213.72463974 -.00000291  00000+0  23904-5 0  9996
2 48397  53.1608  17.7632 0001056  86.1760 273.9362 15.31713404290880
STARLINK-2588           
1 48398U 21038AX  26213.88095536  .00034734  00000+0  14593-2 0  9998
2 48398  53.0530  34.4646 0003661 198.7871 161.2991 15.23134895290634
STARLINK-2587           
1 48399U 21038AY  26214.42842012  .00002935  00000+0  10630-3 0  9996
2 48399  53.1600  14.4145 0001561  84.8669 275.2511 15.31699299290988
STARLINK-2576           
1 48400U 21038AZ  26213.73402038  .00011839  00000+0  39274-3 0  9990
2 48400  53.1598  17.9424 0001197  86.7937 273.3201 15.31693874289660
STARLINK-2571           
1 48401U 21038BA  26213.83620516  .00005461  00000+0  18755-3 0  9990
2 48401  53.1594  17.4936 0001024 108.8280 251.2833 15.31713060289673
STARLINK-2593           
1 48404U 21038BD  26213.83651488  .00001026  00000+0  44820-4 0  9991
2 48404  53.1594  17.2715 0001178  89.3843 270.7293 15.31704322289685
STARLINK-2570           
1 48405U 21038BE  26214.43777264  .00001048  00000+0  45552-4 0  9997
2 48405  53.1601  14.6476 0001723  84.7278 275.3920 15.31699978289764
STARLINK-2568           
1 48406U 21038BF  26214.47080337  .00001534  00000+0  61197-4 0  9993
2 48406  53.1596  17.4936 0001029  95.6756 264.4363 15.31698856289732
STARLINK-2592           
1 48408U 21038BH  26214.58697203  .00001250  00000+0  52059-4 0  9995
2 48408  53.1604  14.2607 0001211  84.7877 275.3263 15.31694709289788
STARLINK-2563           
1 48410U 21038BK  26214.54074099  .00001136  00000+0  48371-4 0  9991
2 48410  53.1629 337.9035 0001277  80.4926 279.6220 15.31691185290291
STARLINK-2505           
1 48411U 21038BL  26214.52572477  .00000296  00000+0  21314-4 0  9997
2 48411  53.1608 335.2482 0001248  85.6792 274.4352 15.31689593290325
STARLINK-2581           
1 48412U 21038BM  26214.49877761  .00012447  00000+0  41197-3 0  9999
2 48412  53.1602 337.9792 0001243 103.9673 256.1467 15.31716902290284
STARLINK-2461           
1 48428U 21040A   26214.39033622  .00001742  00000+0  67895-4 0  9998
2 48428  53.1585 220.7532 0001214  86.5979 273.5161 15.31694361289001
STARLINK-2700           
1 48431U 21040D   26214.32791590  .00001384  00000+0  56389-4 0  9998
2 48431  53.1592 195.1176 0001543  72.8106 287.3064 15.31689701289341
STARLINK-2680           
1 48432U 21040E   26214.32326538  .00001909  00000+0  73275-4 0  9991
2 48432  53.1579 195.2440 0001324  97.4582 262.6569 15.31694917289330
STARLINK-2699           
1 48433U 21040F   26214.66668981 -.00012596  00000+0 -39502-3 0  9990
2 48433  53.1601 193.3509 0001064  93.1301 259.1906 15.31683088  5772
STARLINK-2692           
1 48434U 21040G   26214.66668981 -.00005811  00000+0 -17560-3 0  9993
2 48434  53.1574 193.5140 0001297  95.7713 357.3599 15.31705577  5674
STARLINK-2633           
1 48435U 21040H   26214.56395656  .00002077  00000+0  78689-4 0  9998
2 48435  53.1577 206.4849 0001350  89.7593 270.3564 15.31697611289205
STARLINK-2639           
1 48436U 21040J   26214.40856441  .00001086  00000+0  46779-4 0  9990
2 48436  53.1592 220.0866 0001456  90.0050 270.1118 15.31693834289008
STARLINK-2642           
1 48437U 21040K   26214.35604500  .00001756  00000+0  68333-4 0  9996
2 48437  53.1596 233.2326 0001238  98.1186 261.9956 15.31695318288812
STARLINK-2640           
1 48438U 21040L   26214.40890374  .00002276  00000+0  85103-4 0  9991
2 48438  53.1591 220.1449 0001118  83.6978 276.4151 15.31696354289005
STARLINK-2583           
1 48439U 21040M   26214.29241780 -.00000301  00000+0  20847-5 0  9993
2 48439  53.1584 220.8672 0001400  81.0167 279.0993 15.31705878288980
STARLINK-2682           
1 48440U 21040N   26214.59066405  .00004072  00000+0  14289-3 0  9996
2 48440  53.1577 219.2141 0001447  90.1139 270.0028 15.31704656289038
STARLINK-2702           
1 48441U 21040P   26214.53005838  .00023638  00000+0  76955-3 0  9991
2 48441  53.1575 219.5834 0001106  89.8244 270.2884 15.31762814289024
STARLINK-2644           
1 48442U 21040Q   26214.66668981  .00064722  00000+0  55398-3 0  9997
2 48442  53.1572 209.8712 0001542  90.3247 222.2843 15.68859118  5812
STARLINK-2663           
1 48443U 21040R   26214.31568017  .00000875  00000+0  39949-4 0  9993
2 48443  53.1591 220.4627 0001460  75.5998 284.5165 15.31699960288992
STARLINK-2645           
1 48444U 21040S   26214.25463835  .01517309  00000+0  41636-1 0  9998
2 48444  53.1565 220.8288 0004312 330.7689  29.3072 15.33952236288984
STARLINK-2634           
1 48445U 21040T   26214.31101956  .00002604  00000+0  95644-4 0  9996
2 48445  53.1566 220.5095 0001096  90.0306 270.0821 15.31703665288993
STARLINK-2655           
1 48449U 21040X   26214.30169843  .00000693  00000+0  34112-4 0  9997
2 48449  53.1586 220.5658 0001187  83.5445 276.5692 15.31694880288991
STARLINK-2703           
1 48452U 21040AA  26214.29703866  .00000569  00000+0  30117-4 0  9991
2 48452  53.1591 220.5824 0001306  84.4652 275.6499 15.31693409288990
STARLINK-2620           
1 48453U 21040AB  26214.28770785  .00000781  00000+0  36954-4 0  9996
2 48453  53.1588 220.6018 0001544  85.3874 274.7304 15.31694567288994
STARLINK-2654           
1 48454U 21040AC  26214.41354864  .00001103  00000+0  47317-4 0  9992
2 48454  53.1587 220.0031 0001323 107.8586 252.2560 15.31691318289018
STARLINK-2497           
1 48455U 21040AD  26214.24114756  .00002077  00000+0  78678-4 0  9993
2 48455  53.1587 221.1016 0001384  94.2010 265.9150 15.31696254288976
STARLINK-2698           
1 48458U 21040AG  26214.30677696  .00002299  00000+0  85828-4 0  9991
2 48458  53.1587 221.1765 0001229  88.8876 271.2266 15.31702282289706
STARLINK-2579           
1 48459U 21040AH  26214.33899276  .00000276  00000+0  20662-4 0  9993
2 48459  53.1596 220.4224 0001341  92.4620 267.6535 15.31689357289011
STARLINK-2582           
1 48460U 21040AJ  26214.31586517  .00617014  19389-3  88654-3 0  9996
2 48460  53.0374 125.6583 0004078 200.7163 159.3704 16.04848831290816
STARLINK-2683           
1 48462U 21040AL  26214.43527565  .00006873  00000+0  23301-3 0  9998
2 48462  53.1580 232.8869 0001548  82.8643 277.2534 15.31703466288830
STARLINK-2686           
1 48464U 21040AN  26214.26318270 -.00001021  00000+0 -21130-4 0  9993
2 48464  53.1584 233.8034 0001273  90.6028 269.5120 15.31701652288807
STARLINK-2681           
1 48465U 21040AP  26214.66668981  .00091917  00000+0  41115-3 0  9990
2 48465  53.1344 203.5516 0007337  47.0486 326.6965 15.83447007  6002
STARLINK-2687           
1 48466U 21040AQ  26214.32055148 -.00288778  00000+0 -10338-1 0  9995
2 48466  53.1581 233.4788 0010390  98.0673 262.1507 15.29437603288825
STARLINK-2659           
1 48467U 21040AR  26214.33273086  .00000733  00000+0  35409-4 0  9990
2 48467  53.1594 233.2854 0001426  89.0718 271.0447 15.31693723288824
STARLINK-2685           
1 48468U 21040AS  26214.41667426  .00000526  00000+0  28728-4 0  9991
2 48468  53.1590 233.2700 0001193  92.3719 267.7419 15.31693888288834
STARLINK-2661           
1 48469U 21040AT  26214.41198759  .00000786  00000+0  37080-4 0  9999
2 48469  53.1594 233.1019 0001182  96.4372 263.6764 15.31697452288838
STARLINK-2675           
1 48470U 21040AU  26214.45857459  .00002435  00000+0  90216-4 0  9997
2 48470  53.1580 232.7485 0001302  81.4892 278.6257 15.31699468288834
STARLINK-2684           
1 48471U 21040AV  26214.45391576  .00013256  00000+0  43805-3 0  9995
2 48471  53.1573 232.7807 0001070  72.5547 287.5572 15.31708478288836
STARLINK-2722           
1 48472U 21040AW  26214.50310334  .00018523  00000+0  10176-2 0  9991
2 48472  53.0572 252.0718 0001407  32.2587 327.8491 15.14165140288531
STARLINK-2658           
1 48473U 21040AX  26214.33739113  .00000680  00000+0  33692-4 0  9998
2 48473  53.1576 233.2713 0001298  90.2293 269.8857 15.31699477288815
STARLINK-2697           
1 48474U 21040AY  26214.37478437  .00000915  00000+0  41251-4 0  9993
2 48474  53.1587 233.8492 0001405  85.2394 274.8768 15.31690992288803
STARLINK-2728           
1 48478U 21040BC  26214.29546667  .00001011  00000+0  44353-4 0  9993
2 48478  53.1592 233.6043 0001265 101.5806 258.5337 15.31691898288804
STARLINK-2755           
1 48479U 21040BD  26214.37938686  .00005824  00000+0  19928-3 0  9994
2 48479  53.1581 233.4646 0001256  80.5416 279.5727 15.31703238288812
STARLINK-2706           
1 48481U 21040BF  26214.33839830  .00000295  00000+0  21279-4 0  9994
2 48481  53.1594 235.7597 0001402  87.4243 272.6919 15.31692225288782
STARLINK-2525           
1 48482U 21040BG  26214.44099291  .00001129  00000+0  48139-4 0  9997
2 48482  53.1579 235.6968 0001322  87.2141 272.9011 15.31699048288790
STARLINK-2531           
1 48483U 21040BH  26214.32449307  .00000492  00000+0  27623-4 0  9999
2 48483  53.1589 236.4171 0001258  93.3374 266.7771 15.31689367288776
STARLINK-2500           
1 48485U 21040BK  26214.49223285  .00001915  00000+0  73469-4 0  9994
2 48485  53.1592 235.2815 0001107  86.3562 273.7566 15.31700942288805
STARLINK-2494           
1 48487U 21040BM  26214.33380732  .00000605  00000+0  31264-4 0  9992
2 48487  53.1593 236.3238 0001354  86.8871 273.2285 15.31693551288788
STARLINK-2063           
1 48553U 21041A   26214.26081000  .00000563  00000+0  29906-4 0  9998
2 48553  53.1599 169.4326 0001155  87.0772 273.0362 15.31695998287582
STARLINK-2139           
1 48554U 21041B   26214.58239142  .00001065  00000+0  46094-4 0  9991
2 48554  53.1600 167.8353 0001210  99.6388 260.4750 15.31697482287639
STARLINK-2145           
1 48555U 21041C   26214.33172377 -.00000281  00000+0  27166-5 0  9991
2 48555  53.1591 191.2418 0001448 112.0028 248.1128 15.31687899287268
STARLINK-2151           
1 48556U 21041D   26214.32551120  .00001075  00000+0  46400-4 0  9990
2 48556  53.1594 184.7701 0001183  86.1180 273.9957 15.31707378287362
STARLINK-2155           
1 48557U 21041E   26214.16294794  .00004240  00000+0  14831-3 0  9993
2 48557  53.1578 169.9374 0001215  93.5227 266.5913 15.31701995287567
STARLINK-2166           
1 48558U 21041F   26214.28878436  .00001656  00000+0  65120-4 0  9994
2 48558  53.1582 169.3390 0001070  89.3676 270.7448 15.31699525286727
STARLINK-2187           
1 48562U 21041K   26214.51045192  .00095003  00000+0  63567-3 0  9991
2 48562  53.1510 148.0230 0002614 108.1841 251.9464 15.74548165287909
STARLINK-2188           
1 48563U 21041L   26214.60103521  .00001681  00000+0  65905-4 0  9991
2 48563  53.1622 167.7708 0001425  86.4996 273.6169 15.31703657287635
STARLINK-2190           
1 48564U 21041M   26214.26546035 -.00001261  00000+0 -28882-4 0  9994
2 48564  53.1611 169.3113 0001383  97.1366 262.9793 15.31692395287589
STARLINK-2214           
1 48566U 21041P   26214.19656230  .00009547  00000+0  31891-3 0  9993
2 48566  53.1588 191.8360 0001422  86.9666 273.1498 15.31710280287244
STARLINK-2217           
1 48568U 21041R   26214.28416265  .00001027  00000+0  44861-4 0  9994
2 48568  53.1592 169.6620 0001401  87.5649 272.5513 15.31695264287579
STARLINK-2219           
1 48569U 21041S   26214.13961944  .00003408  00000+0  12153-3 0  9991
2 48569  53.1606 169.9067 0001025  90.0644 270.0475 15.31702211287560
STARLINK-2221           
1 48571U 21041U   26214.28784044  .00002703  00000+0  98848-4 0  9997
2 48571  53.1593 182.0552 0001083  93.0528 267.0597 15.31698028287405
STARLINK-2222           
1 48572U 21041V   26214.62999144  .00009184  00000+0  30717-3 0  9995
2 48572  53.1581 189.8231 0001370  88.8441 271.2717 15.31720623287315
STARLINK-2224           
1 48573U 21041W   26214.17233855  .00000951  00000+0  42399-4 0  9999
2 48573  53.1606 170.4081 0001164  94.6942 265.4192 15.31702297287550
STARLINK-2225           
1 48574U 21041X   26214.10552489  .00004348  00000+0  15177-3 0  9997
2 48574  53.1584 144.3269 0001390 101.8475 258.2683 15.31701765287911
STARLINK-2227           
1 48575U 21041Y   26214.14908857  .00002500  00000+0  92301-4 0  9999
2 48575  53.1607 131.3675 0001463  86.4602 273.6567 15.31696921288118
STARLINK-2228           
1 48576U 21041Z   26214.29195352 -.00001320  00000+0 -30803-4 0  9994
2 48576  53.1582 143.5476 0001107 110.3787 249.7333 15.31692762287956
STARLINK-2231           
1 48577U 21041AA  26214.25149132 -.00003389  00000+0 -97514-4 0  9995
2 48577  53.1581 169.5822 0000908  94.4725 265.6380 15.31692442287573
STARLINK-2232           
1 48578U 21041AB  26214.47519689  .00007953  00000+0  26776-3 0  9998
2 48578  53.1599 168.3705 0001246  93.9169 266.1975 15.31702304287612
STARLINK-2234           
1 48580U 21041AD  26214.18473861  .00016152  00000+0  53029-3 0  9992
2 48580  53.1594 143.9962 0001449  70.5849 289.5309 15.31750901287936
STARLINK-2235           
1 48581U 21041AE  26214.12055505  .00004273  00000+0  14938-3 0  9995
2 48581  53.1581 147.1319 0001109  77.8394 282.2732 15.31699683287875
STARLINK-2236           
1 48582U 21041AF  26214.66668981  .00271182  00000+0  32284-2 0  9991
2 48582  53.0517 139.4451 0001329 156.8620 353.4731 15.59692173  5920
STARLINK-2237           
1 48583U 21041AG  26214.31774116  .00002687  00000+0  98343-4 0  9994
2 48583  53.1581 191.3491 0001507  92.0429 268.0745 15.31691932287267
STARLINK-2241           
1 48586U 21041AK  26214.35501756  .00001501  00000+0  60125-4 0  9990
2 48586  53.1567 191.1124 0001204  94.2097 265.9042 15.31702787287261
STARLINK-2245           
1 48589U 21041AN  26214.16759465 -.00000318  00000+0  15097-5 0  9999
2 48589  53.1596 169.8450 0001364 115.1964 244.9179 15.31705535287568
STARLINK-2250           
1 48593U 21041AS  26214.28323034  .00000866  00000+0  39693-4 0  9990
2 48593  53.1602 182.4325 0001315  93.5221 266.5931 15.31693737287391
